Firm,Year,EoF for SCR (£m),Excess of assets over liabilities (£m) [= equity],GWP (£m),"Gross BEL (inc. TPs as whole, pre-TMTP) (£m)",Gross claims incurred (£m),Gross combined ratio,Gross expense ratio,NWP (£m),"Net BEL (inc. TPs as a whole, pre-TMTP) (£m)",Net combined ratio,Net expense ratio,Pure gross claims ratio,Pure net claims ratio,SCR (£m),SCR coverage ratio,Total assets (£m),Total liabilities (£m)
Firm 1,2016,2230.0767017500675,2031.0359370560511,1409.484796075008,0.0,0.0,0.0,0.0,-13779.81562850132,0.0,0.0,0.0,0.0,0.0,1085.360138661888,1.979864702999336,71727.59306552948,69696.55712847342
Firm 1,2017,4.81792,4.81792,0.0,7.674468411620701,0.04667392158,68.21523852615996,56.81372458020451,0.0,7.674468411620701,68.21523852615996,56.81372458020451,11.401513945955454,11.401513945955454,9.63584e-09,481792000.0,4.81792,0.0
Firm 1,2018,0.0,0.0,0.0,0.0,0.0,0.0,0.0,0.0,0.0,0.0,0.0,0.0,0.0,0.0,0.0,0.0,0.0
Firm 1,2019,0.0,0.0,0.0,0.0,0.0,0.0,0.0,0.0,0.0,0.0,0.0,0.0,0.0,0.0,0.0,0.0,0.0
Firm 1,2020,0.0,0.0,0.0,0.0,0.0,0.0,0.0,0.0,0.0,0.0,0.0,0.0,0.0,0.0,0.0,0.0,0.0
Firm 10,2016,6402.431816279204,6735.041046578053,1317.978560751882,53.4277206015,51.1463735445,1.0275449549893154,0.36191533587058794,1273.9496832484863,54.685856672999996,1.1017103732441467,0.41372844352181104,0.6656296191187275,0.6879819297223356,3628.700545448837,1.7001350158241004,155205.1564623256,148470.11541574757
Firm 10,2017,6214.459239071918,6116.067000896918,10559.901067366316,84.4005512115,90.59326314,1.3148027372322277,0.3500437531193265,10516.210290154771,73.515574998,1.2397920727300833,0.4475710244646413,0.9647589841129014,0.7922210482654419,3127.302933139579,1.914798028667538,155343.12519937582,149227.0581984788
Firm 10,2018,4049.488997628928,5194.900250049536,10122.406366754794,102.25843741050001,84.8509735245,1.0135237664603804,0.30298279202134865,10087.572410827313,86.87660467650001,0.9756768193248048,0.366566686543025,0.7105409744390319,0.60911013278178,2386.9072748135222,1.6347609509029293,136914.31978596476,131719.41953605015
Firm 10,2019,4233.171618097808,5075.264442062202,8960.725363037287,122.67814133249999,76.8867912495,0.9003090935353779,0.2868211008677631,8921.879528980142,107.9829053775,0.9969154030332747,0.3804095477719304,0.6134879926676149,0.6165058552613443,2446.493149711974,1.667291175915772,138456.9839746842,133381.71953262202
Firm 10,2020,4248.516092472446,5168.099949445841,7923.371752294036,141.195591324,106.3731701115,0.9223478142721365,0.25141957287295374,7893.064120100977,129.22312731000002,0.945358152225411,0.32799055527987336,0.6709282413991827,0.6173675969455377,2880.316428800464,1.4213029129420593,142144.98713535,136976.88718590417
Firm 100,2016,44.23246243464632,115.0354496982403,21.95857916570624,680.815852308,70.415524371,0.633465386166495,0.26113309230837484,21.84648329982976,145.00253168999998,0.8824458910315293,0.3523605188125612,0.3723322938581201,0.530085372218968,32.93591693863301,1.2940794440925998,264.5300286023431,149.4945789041028
Firm 100,2017,45.022066684228605,118.85339696795216,28.17449156810752,762.761914164,275.181243507,1.2464354898302883,0.19553695709652993,27.95467801516032,216.0681908205,1.0973507735132542,0.22661946264659616,1.0508985327337583,0.870731310866658,37.12192736138517,1.1686500725439966,269.23377276803745,150.38037580018167
Firm 100,2018,43.00261973869691,119.77755631913277,28.94411267091456,793.984666206,196.21716302849998,0.9463242648513462,0.20816062296509952,28.695446830602236,215.36893365749998,1.0082944671968428,0.2588412082322545,0.7381636418862467,0.7494532589645886,37.50744823116452,1.1047575426329133,257.1013891118917,137.32383279266253
Firm 100,2019,40.428532909534105,121.26440731715819,31.94328155380736,668.2141049295001,160.560807168,0.7109384767597212,0.1973899944716093,31.717111478108155,161.27968527599998,0.758972523555762,0.21397906425353,0.5135484822881118,0.544993459302232,36.470655592861384,1.068154296154897,272.39501252007454,151.13060520291634
Firm 100,2020,41.41871297739346,119.54306839064168,32.87431400001537,670.6692322260001,244.771129863,0.8679693252068253,0.175349935648409,32.641257449635845,166.6725630585,0.8042527130113493,0.18335888436625647,0.6926193895584163,0.6208938286450928,37.05331085675366,1.0771077726333402,274.11020306838975,154.56713467774813
Firm 102,2016,0.0,0.0,0.0,-14.289681808258651,447.98314282272,0.8745510703404181,0.4304305414506452,0.0,-14.289681808258651,0.8745510703404181,0.4304305414506452,0.4441205288897729,0.4441205288897729,0.0,0.0,0.0,0.0
Firm 102,2017,9.23628025856,9.23628025856,0.0,-4.712222985401549,437.70733018536004,0.8734333068059469,0.44873988490171346,0.0,-4.712222985401549,0.8734333068059469,0.4487398849017134,0.4246934219042334,0.4246934219042334,0.7800694271999999,11.409153552665062,9.272993772544,0.036713513984
Firm 102,2018,0.0,0.0,0.0,-25.686774612014855,445.0847229327,0.8791421229405342,0.44413607155555024,0.0,-25.686774612014855,0.8791421229405342,0.44413607155555024,0.435006051384984,0.435006051384984,0.0,0.0,0.0,0.0
Firm 102,2019,0.0,0.0,0.0,-21.101956913216704,384.72097410955496,0.8678230344430619,0.4876060307186301,0.0,-21.101956913216704,0.867823034443062,0.4876060307186301,0.3802170037244318,0.3802170037244318,0.0,0.0,0.0,0.0
Firm 102,2020,0.0,0.0,0.0,72.28165911887609,292.54450230309,0.8516707704217025,0.5550611176659309,0.0,72.28165911887609,0.8516707704217025,0.5550611176659309,0.2966096527557716,0.2966096527557716,0.0,0.0,0.0,0.0
Firm 104,2016,28.740372942110717,28.740372942110717,350.0494136249139,1467.514616174747,408.9800262082965,1.007798848956815,0.4351834417860701,350.0494136249139,1296.940621235993,0.991900580687233,0.4075445389292516,0.5726154071707448,0.5843560417579813,2.28777613980672,12.105101998043605,7146.4741953994235,7117.733822457313
Firm 104,2017,29.4751015216128,29.4751015216128,1702.4418800743422,0.0,0.0,0.0,0.0,1702.4418800743422,0.0,0.0,0.0,0.0,0.0,4.4943687087923205,6.319405029907651,8461.227165639475,8431.752064117862
Firm 104,2018,28.493881332736,28.493881332736,11020.36938193285,0.0,0.0,0.0,0.0,11020.36938193285,0.0,0.0,0.0,0.0,0.0,5.956325551564801,4.609594944472098,16445.02582133548,16416.531940002744
Firm 104,2019,32.299201298575355,32.299201298575355,1532.7258954853378,0.0,0.0,0.0,0.0,1532.7258954853378,0.0,0.0,0.0,0.0,0.0,9.928426529003518,3.1347357502387787,20525.213684586615,20492.914483278408
Firm 104,2020,30.49229088474112,30.49229088474112,4082.462187661947,0.0,0.0,0.0,0.0,4082.462187661947,0.0,0.0,0.0,0.0,0.0,3.63628736677888,8.080187470417014,14833.41756945583,14802.925278571089
Firm 105,2016,17639.027720886443,21377.079810656996,31888.235449132644,5390.3724339135,2012.671798938,0.8117512356495058,0.25912306460667217,31275.650872460676,4444.416506722499,0.8781670846495773,0.33106844255021145,0.5526281710428337,0.5470986420993658,12727.260982675547,1.3354550449259013,176860.52873547113,155483.44892481423
Firm 105,2017,19765.28271085373,24786.13847514898,12949.70989188052,5322.0679926075,2767.0756022595,0.9825023293167472,0.3148030930062137,11614.626225977016,3574.423980525,1.007967261097535,0.38814801557958173,0.6676992363105336,0.6198192455179533,13872.860127327427,1.372861111613064,189105.52523063906,164319.38675548998
Firm 105,2018,12527.28848958678,17786.61750196943,12891.099349807604,5263.886479542,2331.8775732825,0.9201983455479535,0.31653226690876113,-78.4133073687347,3450.167377233,0.9885112504653633,0.4012370451239165,0.6036660786391924,0.5872742053414468,8970.44271866879,1.34565206317279,177363.07310610203,159576.45560413264
Firm 105,2019,12336.675973075324,19686.620711897725,10956.567588595539,4304.4909347775,2451.651756072,0.942037261228034,0.3018842968952639,10739.237657885,3303.76497015,0.9853111647864937,0.3773368683288931,0.6401529643327701,0.6079742964576005,9390.562211801294,1.265890509292475,190804.87623091176,171118.25551901408
Firm 105,2020,13117.058547682633,19863.32451303078,5811.6619195569765,4417.1961264735,2010.370119168,0.9039989114312235,0.339364646397361,4641.248617417237,3280.3968780285004,0.9996436444290611,0.4419200024881183,0.5646342650338625,0.5577236419409428,9637.507832394056,1.3114788556774089,190431.2075427914,170567.88302887414
Firm 106,2016,216.91708438721986,169.81944310798787,182.39095174900734,9.545973075,0.54327207,0.0,0.0,176.02227198765056,1.1444226149999999,0.0,0.0,0.0,0.0,154.59256188795894,1.3520562004377719,2510.985215550473,2341.1657724423885
Firm 106,2017,196.47430726385744,143.67625395715154,119.69235579874304,9.170969775,0.11014550170500001,0.0,0.0,108.62177671579647,0.931024725,0.0,0.0,0.0,0.0,161.83250086541864,1.1698484413089345,2576.758905927481,2433.082651970329
Firm 106,2018,212.21287828292114,154.09830954553877,138.40335856847875,9.02377956,0.046722997605000004,0.0,0.0,124.9472169046016,0.957810675,0.0,0.0,0.0,0.0,156.06402954638193,1.3102630676763203,2500.0099008540487,2345.911591308414
Firm 106,2019,243.8610179433737,179.89895039777372,123.69823378719744,9.059434215,0.005879269934999997,0.0,0.0,106.60021768452096,0.8433882899999999,0.0,0.0,0.0,0.0,197.85130721852968,1.1876624846072323,2793.6738830964046,2613.7749326986313
Firm 106,2020,0.0,0.0,0.0,6.715124085,0.9644834999999999,0.0,0.0,0.0,0.88338738,0.0,0.0,0.0,0.0,0.0,0.0,0.0,0.0
Firm 107,2016,1957.469660908974,1439.543260908974,3154.8575066992644,0.0,0.0,0.0,0.0,2956.122081057792,0.0,0.0,0.0,0.0,0.0,1327.753870998528,1.4205844071980145,7609.077630002216,6169.534369093243
Firm 107,2017,1889.907699311616,1668.6346054098126,3268.633490164736,59.7806764870173,34.664520110085,0.7464624626835762,0.2087861771562438,3067.818328414208,58.3185443814735,0.8232658473280869,0.23551093814396754,0.5376762855273324,0.5877549091841194,1311.892459312128,1.3881357481758405,7573.237422421043,5904.602816982324
Firm 107,2018,1978.7560479907838,1475.642343030784,3094.95801673728,109.35815951379826,73.811395783305,1.0656523733956331,0.21270948189092911,2879.7308432271357,80.31853385764292,1.2176042330519639,0.24673640164440228,0.8529428915047043,0.9708678314075617,1186.7204319006719,1.6066949017582444,6939.131706922097,5463.489364074393
Firm 107,2019,1773.1967434250137,1831.5448862730138,3086.413812378624,135.7795653548346,81.78729397548165,0.90088792407693,0.22508936509695812,2878.37447926272,94.44531891102571,0.8883799378580289,0.272045238659317,0.6757985589799718,0.6163346991987119,1237.623591364608,1.380568391503037,6960.8188003910345,5129.273914108385
Firm 107,2020,2146.142807999488,2088.6577952593207,3064.592364812288,141.99482364952232,72.71737795559746,0.7320679062670565,0.20451138098704746,2841.96166611968,115.78505215791644,1.0020874789285417,0.24676753915554778,0.5275565252800091,0.7553199397729937,1252.280461381632,1.6513783735168888,7146.272579592837,5057.614784352789
Firm 108,2016,8.678443654656,8.678443654656,0.0,0.0,0.0,0.0,0.0,0.0,0.0,0.0,0.0,0.0,0.0,1.75351622013952,4.768937609178594,26.41865897875456,17.74021532409856
Firm 108,2017,8.839268377753601,8.839268377753601,0.0,2.68482600003045,38.3155097505,0.9792590084755748,0.2810007173860174,0.0,2.6879798524623,0.9827574935423847,0.2850743687461697,0.6982582910895573,0.697683124796215,1.68661669326848,5.049978228309583,26.76669803250688,17.927429654753283
Firm 108,2018,8.98907901774848,8.98907901774848,0.0,2.9328511986917998,38.947986606,0.9746030213662502,0.2553615756343082,0.0,2.91912037042215,0.9785745110464726,0.25978186294751937,0.7192414457319418,0.7187926480989533,1.6486900077567999,5.253706079060469,24.291918028062717,15.302839010314239
Firm 108,2019,9.1034445671936,9.1034445671936,0.0,2.28336791542575,42.265200763785,0.978024716970842,0.2676949141867188,0.0,2.28100641496275,0.9846386217095688,0.2730674029205887,0.7103298027841234,0.7115712187889802,1.63139546722304,5.376951025103837,20.43411512991744,11.33067056272384
Firm 108,2020,9.12777224952832,9.12777224952832,0.0,2.3772699252493497,42.857681745491995,0.9273842572619322,0.23420833288598478,0.0,2.3772699252493497,0.9286184510631105,0.23701788491643036,0.6931759243759473,0.6916005661466801,1.6663577530460159,5.2782034825426924,19.7851439943168,10.65737174478848
Firm 109,2016,-72.6642153184768,-72.6642153184768,0.0,27.8687696625,11.144350341,0.82146715770596,0.3825220587792188,0.0,27.8687696625,0.82146715770596,0.3825220587792188,0.43894509892674133,0.43894509892674133,100.08862649951355,-0.6995607563240909,272.4215229771571,345.0857382956339
Firm 109,2017,-55.11579322802176,-55.11579322802176,0.0,10.167263247000001,1.3693914675,0.8067719912138264,0.5745175097632631,0.0,10.167263247000001,0.8067719912138264,0.5745175097632631,0.23225448145056327,0.23225448145056327,91.68731541559625,-0.5792371197815244,262.7079396035686,317.8237328315904
Firm 109,2018,-49.05610709460992,-49.05610709460992,0.0,0.0,0.0,0.0,0.0,0.0,0.0,0.0,0.0,0.0,0.0,85.70446845466041,-0.5515427696008561,248.0543814825677,297.1104885771776
Firm 109,2019,-59.294332191088635,-59.294332191088635,0.0,0.0,0.0,0.0,0.0,0.0,0.0,0.0,0.0,0.0,0.0,85.40204406005728,-0.6690129073472628,248.70128547995645,307.9956176710451
Firm 109,2020,-110.79304363046913,-110.79304363046913,0.0,0.0,0.0,0.0,0.0,0.0,0.0,0.0,0.0,0.0,0.0,100.09967837630792,-1.0665209507695088,268.8055491848499,379.598592815319
Firm 110,2016,85.620315298816,85.62031337164801,15.061971330048,352.377018403725,130.47863873699998,0.8068520825340116,0.3342634038203369,-1.586052518912,326.49168634297496,0.9043206687261408,0.40337712169877127,0.47258867871367466,0.5009435470273695,74.83983868313601,1.1023856725052636,1785.729403701248,1700.1090903296
Firm 110,2017,98.059526610944,105.44049140121601,14.847332994048001,599.771292072045,492.05582487899994,1.4418709688203655,0.28601930495136463,-1.2957198417920002,362.141079446595,1.1285601964775842,0.3602243980916902,1.1558516638690008,0.7683357983858942,72.617036366848,1.301190404033301,1754.050707657728,1648.6102162565119
Firm 110,2018,0.0,0.0,0.0,780.97186852932,364.89672444,0.9850344892097166,0.2812153627279964,0.0,503.54790337147494,0.9757307924339987,0.3512278823651565,0.7038191264817201,0.6245029100688422,0.0,0.0,0.0,0.0
Firm 110,2019,0.0,0.0,0.0,888.9209148096451,377.9500147875,0.8410615436699601,0.2624677284049783,0.0,655.5552708800399,1.0044426331271668,0.3385542289273041,0.5785938152649818,0.6658884041998627,0.0,0.0,0.0,0.0
Firm 110,2020,0.0,0.0,0.0,1148.4678851544752,557.0707196325,1.029433005472556,0.25820255193302544,0.0,713.26969982514,1.109232805923764,0.43398824630339644,0.7712304535395306,0.6752445596203674,0.0,0.0,0.0,0.0
Firm 111,2016,135.14872137112482,135.14872137112482,91.84460450309119,32.997254028,0.6812613585,0.0,0.0,6.425964849428479,4.70773956,0.0,0.0,0.0,0.0,31.183039914059776,4.176217132536756,281.77335836641913,146.6246369952943
Firm 111,2017,138.39047689683466,138.39047689683466,100.43393298013183,31.1972523855,-5.918273307000001,0.0,0.0,7.61960564718592,3.9852827355000002,0.0,0.0,0.0,0.0,27.853304277515775,4.787613274228483,271.1111780162118,132.7207011193771
Firm 111,2018,125.75460598890108,125.75460598890108,79.58629617168384,25.4352083685,-3.926191528980001,0.0,0.0,7.42899688953856,3.13690923,0.0,0.0,0.0,0.0,30.16752866465116,4.016740237631607,271.3088023239888,145.55419633508774
Firm 111,2019,0.0,0.0,0.0,26.017816032000002,-0.43878730084499995,0.0,0.0,0.0,2.8636385895000003,0.0,0.0,0.0,0.0,0.0,0.0,0.0,0.0
Firm 111,2020,0.0,0.0,0.0,26.1469176855,0.9633798809999999,0.0,0.0,0.0,3.2950987215,0.0,0.0,0.0,0.0,0.0,0.0,0.0,0.0
Firm 113,2016,106.4585775354533,106.4585775354533,0.0,-53.00341317,1.183611501,0.6146365163385792,0.5483021292088944,0.0,-50.02330896702,0.6244466990957976,0.5568986692665215,0.0663343871296847,0.06754802982927624,97.97402129872108,1.0470304333344873,263.383812154368,156.92523461891471
Firm 113,2017,122.12293480251432,122.12293480251432,146.1017253459456,-106.985304789,0.0,0.2666424220007405,0.2666424220007405,104.4792085843456,-104.83870241849999,0.271728244980358,0.271728244980358,0.0,0.0,103.6798650348456,1.1349909258581359,314.47658628353287,192.35365148092222
Firm 113,2018,145.5059165959858,145.5059165959858,153.2477584610099,0.0,0.0,0.0,0.0,103.36806588833792,0.0,0.0,0.0,0.0,0.0,106.28265413531668,1.3191914925150232,321.5058092186215,175.99989262263563
Firm 113,2019,126.74119026981201,126.74119026981201,164.599952705536,0.0,0.0,0.0,0.0,124.264774532096,0.0,0.0,0.0,0.0,0.0,110.80444006514841,1.1021740916983258,340.8382318184703,214.09704154865827
Firm 113,2020,130.17203298956943,130.17203298956943,182.29937942255617,0.0,0.0,0.0,0.0,141.45955602374656,0.0,0.0,0.0,0.0,0.0,109.09923283428125,1.1497027520509568,382.33748471415714,252.16545172458774
Firm 114,2016,60.98443890119516,60.98443890119516,4.023129707315199,6.088921578,12.940300017,1.178030018548621,0.5558819643508777,3.08448975579136,6.174438799500001,1.06301802216315,0.5558819643508777,0.6221480541977433,0.5071360578122723,45.65306369635851,1.2871782267453058,2501.5680867119654,2440.58364781077
Firm 114,2017,67.00857079571773,67.00857079571773,197.11371944498174,9.961766739,14.1614752635,1.085695382022759,0.49437716439172047,196.2361186566144,9.3049818705,1.1576087735916945,0.552540717312397,0.5913182176310385,0.6050680562792975,47.22394407834531,1.367280686562326,2688.906780427363,2621.898209631646
Firm 114,2018,57.663492473442915,60.554244473442914,196.90122513156095,10.476323892,17.0156308695,1.2015795310515993,0.5251919187735303,195.96937407256576,9.1299248025,1.3318823253091612,0.6121806687725616,0.6763876122780689,0.7197016565365993,40.656451226573004,1.3666617979488997,2543.1407762374456,2482.5865317639064
Firm 114,2019,60.32589733020754,60.32589733020754,190.62276116310017,7.6827187305,12.5263719045,1.0478148802835578,0.4879090153163633,189.88406623095807,6.001390204500001,1.1730183169437305,0.5796806425704262,0.5599058649671947,0.5933376743733044,41.22227946508554,1.4101371929775226,2753.0709126245897,2692.745015294286
Firm 114,2020,56.38223912348631,56.382239666176815,171.11014242814974,7.045475301,9.1464809805,0.9936415555305458,0.5238188844604692,170.69545541040128,5.6090631150000005,1.166899648824912,0.625520922186235,0.4698226710700766,0.541378726638677,42.446895377600924,1.279929262676645,2862.4995790216467,2806.11733989816
Firm 115,2016,82.4591312364417,82.76686711890851,139.5218976365994,112.104139583214,134.466519615,0.8254631293810472,0.41696671378152417,138.54084163357123,108.19322957491036,0.8814127982643017,0.4432490383867957,0.40849641559952304,0.4381637598775061,55.743283279267125,1.4253968341848284,159.79021659403878,77.02334947503391
Firm 115,2017,79.5352847815978,79.5352847815978,191.620734088981,133.47354900777228,154.66170696006,0.9083932401482989,0.4617037629045657,190.78603212360113,124.84377930589801,0.975665281249671,0.49916598710717436,0.44668947724373304,0.4764992941424964,51.423665410584064,1.4903435458962293,172.0683372553731,92.53305247367895
Firm 115,2018,100.62850257129912,100.62850257129912,239.61624814960803,185.70972696216,217.93746383545502,1.0188696100327064,0.4593966701267554,238.73310727213064,158.23364475010501,1.1164596865377094,0.5518281944001029,0.5594729399059511,0.5646314921376064,59.882336980419375,1.6192423327327468,251.35181794165217,150.7233153704494
Firm 115,2019,137.02051304216627,137.52611661301142,250.7243909993773,190.68328849161,236.31965582511003,1.030721810484243,0.4904241688014698,247.61173858808627,154.155265012875,1.0790695026557078,0.6238060022906708,0.5402976416827733,0.45526350036503677,61.96122745095137,2.1308611767534553,254.16513015512783,116.63901354211634
Firm 115,2020,143.8703909144238,143.8703909144238,211.7648632588624,225.552830080275,251.23211228073004,1.1101321765165297,0.5151882867672042,209.18625125278209,30.20132481147,1.2963816638062784,0.7277378241646071,0.5949438897493258,0.568643839641671,57.354039930812924,2.4171131959687084,245.0580945177295,101.18770360320931
Firm 118,2016,6.436144724618751,6.436144724618751,4.354161474560001,520.4861567774999,254.303408976,0.9713754956836559,0.4262144568942722,4.354161474560001,470.587224801,1.0451761321985538,0.45284091975211416,0.5451610387893837,0.5923352124464397,4.502903625068442,1.3772815486879915,108.42400583099392,101.98786110637518
Firm 118,2017,9.488731557888,9.488731557888,3.981226522624,532.2654079604999,303.28020954149997,1.0140511811618877,0.3948987987964158,3.981226522624,420.874222338,1.1964800902983634,0.5838720575917006,0.619152382365472,0.612608032706663,6.535946412161638,1.3989083344476225,115.31078170840063,105.82205015051264
Firm 118,2018,6.10266743369728,6.10266743369728,4.779142489088,513.833243298,298.13751631800005,0.9985319154280027,0.3812654630406117,4.779142489088,402.30881887050003,1.208298076805207,0.5693299402146875,0.617266452387391,0.6389681365905197,4.6205179681184765,1.272678244518619,105.79587570162688,99.6932082679296
Firm 118,2019,7.157152111651226,7.157152111651226,2.88231226645504,540.4530125069999,320.83459199699996,1.0027752703892878,0.3468026037102978,2.88231226645504,405.98191940400005,1.2197677101814428,0.5389305794311128,0.6559726666789901,0.6808371307503298,4.829233427217408,1.4280770155952247,114.84409935112193,107.6869472394707
Firm 118,2020,6.604515286932378,6.604515286932378,2.46671894977536,510.8488738288767,264.5226863416869,0.9462471211198075,0.3466891820869408,2.46671894977536,356.05724340239954,1.1440484737056986,0.5241518802131087,0.5995579390328667,0.61989659349259,4.46731884567337,1.4245692949378423,107.02609462875637,100.421579341824
Firm 12,2016,3.371819384832,3.371819384832,0.0,249.806358423,157.5200878935,0.9971793071800243,0.33799572077228185,0.0,228.896000259,1.027333923943522,0.38623939749023933,0.6591835864077424,0.6410945264532825,1.1814835194643456,2.7499589766491073,10.76132056576,7.389501180928
Firm 12,2017,3.314802192384,3.314802192384,0.0,107.530630764,83.3999871315,0.9770498978773329,0.3616442804193088,0.0,98.070736185,1.0531443900272,0.7045588445298762,0.615405617458024,0.34858554549732385,1.1053043360228354,2.889783611307714,10.148588099584,6.8337859072
Firm 12,2018,3.52688124928,3.52688124928,0.0,82.0695337275,8.633278269,0.8853565541459955,0.4956022752148963,0.0,41.407434675000005,0.7522985838566982,0.659585784077516,0.38975427893109915,0.09271279977918218,1.0927200152236034,3.1100797041873487,8.29887683584,4.77199558656
Firm 12,2019,3.4221040158719997,3.4221040158719997,0.0,67.569463233,70.7509459875,1.2518625078217107,0.05101961075830187,0.0,22.6825270275,0.9621377014081531,0.0512444382764292,1.2008428970634089,0.9108932631317239,1.0754623735010302,3.066108826564955,8.444534120448,5.022430104576
Firm 12,2020,3.3218826076159997,3.3218826076159997,0.0,138.676290381,104.819483736,0.9843936047351121,0.07641030252806509,0.0,95.8897077165,0.9191594987224588,0.07689074377985941,0.907983302207047,0.8422687549425995,1.0502214659933184,3.047845653725593,8.472940576768,5.151057969152
Firm 120,2016,1921.1206931073227,1946.0581578187162,841.0715775533056,0.0448364163894,1.111898309985,0.0,0.0,379.639758993152,0.0448364163894,0.0,0.0,0.0,0.0,1113.3153146958027,1.6627465171023263,51047.1200749438,49101.06191712507
Firm 120,2017,1815.9511404918683,1942.7088734838171,6432.446309797776,0.0,0.10204602671999999,0.0,0.0,5966.538281780008,0.0,0.0,0.0,0.0,0.0,1134.19534460629,1.5427866743423522,53156.476366072086,51213.7674925979
Firm 120,2018,1582.6762002162177,1703.129857456425,6014.198278197596,0.0,-0.20536151817,0.0,0.0,5465.226905102848,0.0,0.0,0.0,0.0,0.0,1157.758577085184,1.3172361612285741,46380.99283437084,44677.86297691441
Firm 120,2019,1478.2797317955583,1605.6197846058392,4127.069623190282,0.0,0.0,0.0,0.0,3529.3964202300417,0.0,0.0,0.0,0.0,0.0,1174.0454790498918,1.2132806799232676,30096.75614816217,28491.13636355633
Firm 120,2020,1512.5888768815207,1630.5186106395033,1195.9953982260224,0.0,0.0,0.0,0.0,554.6577204959847,0.0,0.0,0.0,0.0,0.0,983.2829994594509,1.4822858130795014,29092.224335557592,27461.705724831365
Firm 121,2016,3.358921812992,3.358921812992,5.719495442432,628.132492434,280.350203052,1.0688687167649924,0.3616897321285387,5.842288805888,532.5925013235,1.0545018308321221,0.4184089721449684,0.7071789846364537,0.6360928586871537,2.3842826366932997,1.35747468292553,3.728680792064,0.369758979072
Firm 121,2017,4.119172745543679,4.119172745543679,11.255197836288,589.5435861585,199.6062974715,1.2069186382777755,0.3318258633011076,11.28321693184,498.1501547579999,1.196698044261846,0.37205532872323127,0.8750927749766682,0.8246427155386148,3.145518663523328,1.2618487999673966,5.113025809735679,0.9938530641919999
Firm 121,2018,4.83783797506048,4.83783797506048,15.308918637568,508.27572562650005,79.89838766550001,2.281880586132086,0.44005297896961565,15.338730962944,395.140905276,1.788636371002401,0.4879342928717769,1.8418276071624704,1.300702078130624,3.988502010426163,1.1687754588501733,5.59121844769792,0.75338047263744
Firm 121,2019,6.311001116672,6.311001116672,18.14371820544,0.0,0.0,0.0,0.0,18.14371820544,0.0,0.0,0.0,0.0,0.0,5.174738149248205,1.1751666508750316,7.293375698452479,0.9823745817804799
Firm 121,2020,0.0,0.0,0.0,0.0,0.0,0.0,0.0,0.0,0.0,0.0,0.0,0.0,0.0,0.0,0.0,0.0,0.0
Firm 122,2016,35.87395653695949,39.79000953222082,0.0,8.4183612465,2.7611865900000003,0.0,0.0,0.0,6.623215149,0.0,0.0,0.0,0.0,4.4387555405223935,7.787671616545332,201.31669396370853,161.5266844314877
Firm 122,2017,35.90119722931374,35.90119722931374,0.0,3.855103965,-2.285502192,0.0,0.0,0.0,3.5702784525,0.0,0.0,0.0,0.0,4.241195351359181,8.156620095305144,179.85113699179735,143.9499397624836
Firm 122,2018,39.327528034056606,39.327528034056606,0.0,2.3202756554999997,-0.6032650260000001,0.0,0.0,0.0,2.2564891275,0.0,0.0,0.0,0.0,4.115728658515149,9.207452657202165,175.9323410805804,136.60481304662017
Firm 122,2019,38.570520193294236,38.570520193294236,0.0,1.741588395,-0.4443031905,0.0,0.0,0.0,1.6960305105,0.0,0.0,0.0,0.0,4.13383426572073,8.990669132076437,178.45070070072873,139.88018050743446
Firm 122,2020,37.72213689400054,37.722136891302505,0.0,1.4170780305,-0.034347538500000004,0.0,0.0,0.0,1.371942285,0.0,0.0,0.0,0.0,4.078803531078041,8.911546555237388,177.3572022799948,139.63506538676512
Firm 127,2016,0.0,0.205858158592,0.0,0.0,0.0,0.0,0.0,0.0,0.0,0.0,0.0,0.0,0.0,9.63584e-07,0.0,0.383613389824,0.177755231232
Firm 127,2017,0.182412232704,0.182412232704,0.0,3868.2359636322835,27.227740233,0.0,0.0,0.0,74.2963543275306,0.0,0.0,0.0,0.0,9.63584e-07,182412.232704,0.36887922687999997,0.186466994176
Firm 127,2018,0.194753816576,0.194753816576,0.0,3373.0551830807713,87.3683171055,0.0,0.0,0.0,63.65647295626396,0.0,0.0,0.0,0.0,9.63584e-07,194753.816576,0.375684057088,0.180930240512
Firm 127,2019,0.171974690816,0.171974690816,0.0,3515.6582896022855,11.79329838665595,0.0,0.0,0.0,63.76924328855085,0.0,0.0,0.0,0.0,9.63584e-07,171974.690816,0.35192978432,0.179955093504
Firm 127,2020,0.166394575872,0.166394575872,0.0,4164.127893194532,152.9781305747409,0.0,0.0,0.0,85.6683928096623,0.0,0.0,0.0,0.0,9.63584e-07,166394.575872,0.343982143488,0.177587567616
Firm 129,2016,28.559726928622183,28.559726928622183,0.0,-59.9395005195,11.614881993000001,0.6456295354128796,0.3387911331360125,0.0,-50.1748537635,0.6915747270223083,0.362900661392887,0.3068384022768671,0.32867406562942136,15.21029453360128,1.8092809348297183,234.86891780331172,206.30919087468953
Firm 129,2017,27.45442622579282,27.45442622579282,0.0,-34.9096998705,37.60563759,1.2586317617047351,0.3340664877286416,0.0,-27.644800314,1.3228264006800823,0.35110505152942806,0.9245652739760936,0.9717213491506542,12.184097191199127,2.1712438291663654,210.25746964244848,182.80304341665567
Firm 129,2018,30.356657583331327,30.356657583331327,0.0,1.8937713975,37.0546865655,1.2145217943419122,0.20001360032906979,0.0,6.6466514355,1.2356329268765531,0.20349028855726714,1.0145081940128426,1.032142638319286,11.622676153100699,2.5167344555989453,209.60193233673954,179.2452747535046
Firm 129,2019,29.864518938731006,29.864518938731006,0.0,72.977279625,81.3032018955,2.020779774200232,0.19940975564427174,0.0,76.376106228,2.052330272273377,0.20252314642121125,1.8213700185559605,1.8498071258521662,10.51887375555502,2.735746552891278,207.50154214228337,177.63702320364874
Firm 129,2020,28.728794455097344,28.728794455193704,0.0,23.974350927000003,-3.9888273780000003,0.07189076308752228,0.19204819263988382,0.0,25.868250102,0.07394265898487938,0.19752960473858247,-0.12015742955236151,-0.12358694575370308,9.651779542642382,2.8681349956157214,207.77095273363793,179.0421582785406
Firm 130,2016,6.610678691840716,6.776289968641024,15.782252779008,15.729463254000002,117.013273524,0.93880157537549,0.38406969967170046,15.782252779008,14.355304266000001,0.9368025935517983,0.3825894752485086,0.5547318757037896,0.5542131183032897,5.170274994282086,1.2320319951343588,134.88691970338542,128.11062973474438
Firm 130,2017,11.95359556943821,11.95359556943821,13.87888952430592,18.467063063999998,140.68510980000002,0.9273044006319577,0.3665083244259831,13.87888952430592,16.5038053155,0.9441198830439802,0.3613861871915256,0.5607960762059746,0.5827336958524546,8.233948359933336,1.3988785124315255,151.9204592492204,139.9668636797822
Firm 130,2018,8.832722294228276,8.832722294228276,12.1563864961024,26.181407199000002,163.58584293750002,1.0098626543659939,0.35498031182855616,12.1563864961024,24.0151081635,1.0033545716978414,0.34135874201050814,0.6548823425374377,0.6619958296873332,3.934495843665818,2.1631919863033304,148.53689500419074,139.70417270996245
Firm 130,2019,12.84757188308644,12.84757188308644,11.5983472504832,21.1707336885,159.856198494,0.9122358962372271,0.37553037541953277,11.5983472504832,18.449223432,0.9357264129007501,0.36987621372771723,0.5367055208176944,0.5658501991730328,4.192969316358861,2.952493512674308,171.5027968761139,158.65522499302747
Firm 130,2020,8.226036517595954,8.226036521450292,10.25245623003136,0.0,0.0,0.0,0.0,10.25245623003136,0.0,0.0,0.0,0.0,0.0,4.844396114081587,1.6362157398175319,165.84065290883686,157.6146163912409
Firm 131,2016,1744.7431384099225,1767.9671113475993,275.6216006561485,423.560974275,202.375920216,0.9778678885147407,0.3463844881712471,243.7159022701568,396.2756139615,0.9488069172029198,0.3980759575231965,0.6314834003434936,0.5507309596797234,961.564410804224,1.7484076504822754,36224.64006102884,34456.67294968124
Firm 131,2017,4.81792,4.81792,2866.5899991889924,524.7907460205,245.6726720595,1.0260165229947364,0.36448253966324595,11566.497098841199,454.168486173,1.0564844024335343,0.42555198826218255,0.6615339833314906,0.6309324141713517,9.63584e-09,481792000.0,4.81792,0.0
Firm 131,2018,0.0,0.0,0.0,605.2813142504999,236.282980332,0.9180790722029104,0.3557516161010607,0.0,535.685385999,0.8988621128826305,0.4160511964069172,0.5623274561018498,0.48281091647571334,0.0,0.0,0.0,0.0
Firm 131,2019,0.0,0.0,0.0,587.2111574429999,217.5642022185,0.959335009239765,0.33723770123637853,0.0,530.006603694,1.0448451390431377,0.47504300327759513,0.6220973080033866,0.5698021357655426,0.0,0.0,0.0,0.0
Firm 131,2020,0.0,0.0,0.0,636.782574864,247.71853748850003,0.9399405010468609,0.29026717025389154,0.0,559.249679052,0.9910838060093197,0.4108794001889552,0.6496733307929694,0.5802044058203644,0.0,0.0,0.0,0.0
Firm 132,2016,788.8848632283757,788.8848632283757,941.1154105225677,288.1285126035,57.1612409625,0.6836421807866763,0.35156655968556444,580.7214827613224,248.669604351,0.7357159411085736,0.4276242326244155,0.3320756211011118,0.3080917084841581,556.5756807751995,1.3657744279992676,2612.8355744026553,1823.9507111742791
Firm 132,2017,682.0233015592436,682.0233015592436,892.0190447119091,290.244418086,127.94827415550002,1.0238905417484856,0.30944228931918344,541.8609131379669,232.4375145765,1.0686669273994849,0.3950219937110772,0.714448252429302,0.6736449336884076,534.3573725131341,1.2298637107201307,2597.0343817713347,1915.011080212091
Firm 132,2018,943.6655291824899,943.6655291824899,1208.3867152429589,275.1754821615,91.40567532450001,0.8202030945104442,0.30249974854999245,808.2206466567777,226.7078313945,0.8994078383802606,0.3743618886844909,0.5177033459604516,0.5250459496957698,703.3459513482375,1.2928218375733158,2994.2182801029426,2050.552750920453
Firm 132,2019,0.0,0.0,0.0,250.06298202149998,67.57221849449999,0.6286804805077948,0.30501226517125907,0.0,212.2833001185,0.7155316495341223,0.3711750319519376,0.3236682153365357,0.3443566175821847,0.0,0.0,0.0,0.0
Firm 132,2020,0.0,0.0,0.0,280.85498853900003,163.27625035949998,0.8144063332132805,0.2509044493005302,0.0,233.34119680950002,0.8920536023527919,0.3144342396191219,0.5635018839127502,0.5776193627336699,0.0,0.0,0.0,0.0
Firm 133,2016,74.463260420096,74.463260420096,0.0,13.360731530999999,5.7401599905000005,0.6118271642364168,0.44889637782312974,0.0,11.6639892525,0.7325479900741335,0.5366746997135757,0.16293078641328715,0.19587329036055776,36.139648642047995,1.9853985587772358,937.46156056064,862.998300140544
Firm 133,2017,83.97654313472,83.97654313472,25.33266672128,0.0,0.0,0.0,0.0,1.234338577408,0.0,0.0,0.0,0.0,0.0,42.479768303616005,1.90487040234252,1083.034561439744,999.0580183050239
Firm 133,2018,33.4416163328,52.7132963328,8.196681043967999,0.0,0.0,0.0,0.0,0.601062500352,0.0,0.0,0.0,0.0,0.0,11.52535113728,2.795906697210582,70.045179600896,17.331883268096
Firm 133,2019,22.406822919168,22.406822919168,1.108074384384,0.0,0.0,0.0,0.0,1.0169463183360001,0.0,0.0,0.0,0.0,0.0,8.436179847167999,2.5593167105122308,47.343949971456,24.937127052287998
Firm 133,2020,16.995310121984,16.995310121984,0.99092087808,0.0,0.0,0.0,0.0,0.9623197777920001,0.0,0.0,0.0,0.0,0.0,1.062859168768,15.4078822385889,19.194558590976,2.199247505408
Firm 135,2016,16.23427698133043,12.318223986069095,0.0,443.7494832675,37.6781423295,0.7296715408052544,0.3719488933397342,0.0,341.4999514755,0.8296235010183349,0.44977991571651516,0.35772264746552024,0.37984358530181983,10.98218162673019,1.4244063777550036,55.42140307532462,43.10317908915916
Firm 135,2017,14.526483517794919,10.960295508898202,0.0,444.19406756850003,59.784496947,0.8273596884426031,0.35565774362559105,0.0,339.6232729215,0.8599460737053132,0.4240147984554035,0.47170194481701205,0.43593127524990954,9.959073931541095,1.4055008718912974,49.951084128207356,38.99078861930916
Firm 135,2018,18.200104686678834,14.426966617888667,0.0,451.61655369600004,50.2977037845,0.7048689446609266,0.34950535444688846,0.0,357.0284746725,0.8730282425981369,0.41502073546140433,0.3553635902140382,0.45800750713673255,9.808636085662926,1.7879478371149562,53.35465108317645,38.927684465191426
Firm 135,2019,18.69640426563963,15.04922788404695,0.0,504.76325466150007,122.60890864349999,1.1075370777478954,0.36228782029592,0.0,375.7601507415,0.9075625812764878,0.417487744118579,0.7452492574519753,0.4900748371579088,8.317043076183348,2.1661010821852513,51.53645997728953,36.48723209324257
Firm 135,2020,19.153160469031118,15.623290146819585,0.0,575.403668379,121.27860573299999,1.0067300938762576,0.35601405289168564,0.0,408.4733090085,0.8893657114948691,0.41578470823984054,0.6507160409845719,0.47358100325502844,7.643488580869428,2.4145622489163965,49.16740065144412,33.54411051927101
Firm 137,2016,75.167532402688,75.167532402688,0.01927168,26.8614324285,28.103016108,0.5285518700621548,0.3145666506355638,0.01927168,46.3712905095,0.8224198336945429,0.5015624660236997,0.2139852194265909,0.3208573676708432,65.497621999616,1.1058452098174856,268.612432854016,193.444900451328
Firm 137,2017,85.11304228352,85.11304228352,0.0,80.84237754749999,125.799392613,1.1470952313535885,0.3273587606138547,0.0,55.313039754,1.3109016936404132,0.5509328423024029,0.8197364707397337,0.7599688513380104,59.619065819136004,1.3756264813763543,262.82562528768,177.71258300416
Firm 137,2018,88.424376537088,88.424376537088,0.0,208.408136979,298.4035405545,2.2440466883717107,0.31374355374539603,0.0,74.90878324500001,1.5871151861509234,0.5346588891868371,1.9303031346263144,1.0524562969640863,50.719932039168,1.6798980403860784,244.431605538816,156.00722803814398
Firm 137,2019,87.246125293568,87.246125293568,0.0,115.6339191975,88.659521994,0.7798420118094113,0.33154066392998777,0.0,84.4726252935,1.1284084185894176,0.5588067746978009,0.44830134787942355,0.5696016438916167,48.135548681216,1.7465048742174987,227.33415647641598,140.088032146432
Firm 137,2020,86.32119353856001,86.32119353856001,0.0,217.234010961,274.20295057199996,1.7014987647785254,0.34058822828775476,0.0,125.12062244250001,1.5265370127236566,0.5138864916143177,1.3609105364907705,1.012650521109339,55.790061478912,1.4909057052410672,236.445996606464,150.12480306790403
Firm 139,2016,265.33365171283714,265.33365171283714,642.0421067507086,1.32939711,0.0969717645,0.0,0.0,597.2226116108915,0.545360049,0.0,0.0,0.0,0.0,225.69747218386135,1.132805161609357,1108.8218295839026,843.4881778710657
Firm 139,2017,290.7143756169206,290.7143756169206,711.6428595696316,1.3512574739999998,0.1200209325,0.0,0.0,535.654290500614,0.6587261400000001,0.0,0.0,0.0,0.0,224.7212002037789,1.2465567140992166,1204.0523796378372,913.3380040209166
Firm 139,2018,288.36258664950486,288.36258664950486,737.2047862800533,1.0894612529999999,-0.2847308625,0.0,0.0,526.7604802259439,0.531349956,0.0,0.0,0.0,0.0,229.95229806021723,1.2083444133326877,1257.517070696209,969.1544840467042
Firm 139,2019,317.65292534953795,317.65292534953795,751.1681089463975,0.8318722245000001,-0.2369212545,0.0,0.0,541.4241659027037,0.35703873,0.0,0.0,0.0,0.0,239.55068907532788,1.2777474262399604,1369.85303769895,1052.200112349412
Firm 139,2020,316.3650795223772,316.3650792377345,699.2648539087998,0.8784750450000001,0.019552797,0.0,0.0,488.0694065651046,0.337694163,0.0,0.0,0.0,0.0,232.35062392753613,1.312001335023585,1332.456021337315,1016.0909418149378
Firm 14,2016,19.95569921923205,19.95569921923205,20.395756951490558,776.4780259574777,161.72214561547742,0.8179572480316366,0.3934878950397913,18.685827788718083,427.38611881236386,0.8586000116734402,0.45813352900911836,0.42446935299184535,0.400466482664322,10.427583773862297,1.8440506346890968,56.601841428275094,36.646142208946685
Firm 14,2017,22.15753038781532,23.198201107815322,21.539760791868108,747.2426165870224,266.34786082351263,1.0650635625099267,0.37820141468147933,19.6261707376512,472.63792940329483,1.1594134845305464,0.4378403887472279,0.6868621478284472,0.7215730957833184,10.095198750018765,2.1149303039896026,60.501918166512844,37.30371705869752
Firm 14,2018,24.196097557502977,24.930080689150977,19.623853071839132,749.3339093827158,270.6403224882803,0.9214482881783804,0.3849897272871681,17.881283327725363,433.2223756832452,0.9138214075085653,0.47087360914918586,0.5364585608912122,0.4429477983593795,9.731236650760296,2.3958899886611396,56.27448249615534,31.344401807004363
Firm 14,2019,26.094534081890817,27.058118081890814,13.683054274226892,697.8298312118649,241.00512510757724,0.9515810227358394,0.37366318902171997,11.855372227958476,378.2796822358095,0.9588774298465346,0.45583006743343024,0.5779178337141196,0.5030473624131044,8.140509557783961,3.088783982167517,58.36390289469666,31.305784812805832
Firm 14,2020,25.54183664841288,27.689665077318658,13.775815855376385,763.0359188121266,328.6349298493325,1.0314550750172218,0.3248522793531838,11.852086591333888,489.1631485756791,1.0878176101189676,0.3931055764225433,0.7066027956640377,0.6947120336964243,8.858271526935347,2.7783868500968234,61.97620664000912,34.286541255596234
Firm 141,2016,-29.00199550203607,-44.001913281792,0.0,1.4790094638373499,5.639078123577,0.6911486947780191,0.46969955809046615,0.0,1.32863404141605,0.6932879356808848,0.47470516534992585,0.22144913668755295,0.21858277033095883,52.000792200504215,-0.537412174916115,3924.262744200253,3968.264657482045
Firm 141,2017,-54.672049353543166,-74.17672067892173,0.0,0.89464048688235,4.67211186132,0.6546925533503533,0.464917631177188,0.0,0.8664264507729,0.6622988409718259,0.46938958036606765,0.1897749221731653,0.19290926060575841,123.7635756452653,-0.42565925983974995,3937.9076463857614,4012.084367064683
Firm 141,2018,-50.7907813175721,-50.7907813175721,0.0,0.96273562504665,5.2436435534250005,0.6947479083223225,0.48393557789586644,0.0,0.9102607710774,0.7002670088570271,0.4877799782527919,0.21081233042645608,0.2124870306042351,108.72085376870696,-0.4501545244413643,3450.142492455945,3500.933273773517
Firm 141,2019,-58.972888201622936,-58.972888201622936,0.0,0.8265412220727,4.687720687470001,0.7114827741877364,0.5152500760157126,0.0,0.82978688841195,0.715409331152795,0.5189930540185616,0.19623269817202382,0.19641627713423346,112.80159602183167,-0.5037635415537438,3595.7439376751554,3654.7168258767783
Firm 141,2020,-98.60628601814959,-98.60628601814959,0.0,1.23015768265605,4.15952588922,0.6876117360468825,0.5036698597534441,0.0,1.2472050590408998,0.6880943278583064,0.5070114973875636,0.18394187629343844,0.18108283047074283,135.1171310922965,-0.7032079406837688,4234.23819781684,4332.844483834989
Firm 142,2016,68.66840932668416,68.66840932668416,99.50285747135487,63.18292518301005,116.64375226094671,0.9768203954526219,0.3048977513494291,0.0,62.34926815254646,0.9851138876467317,0.30669650147337174,0.6719226441031929,0.6784173861733601,11.993741726638078,5.516858878633771,3562.997619842857,3494.3292105161727
Firm 142,2017,0.0,71.54901926782976,94.83936519153664,77.79755852538165,122.29422223240485,1.0124399461283549,0.323566176985755,0.0,76.54045174840125,1.013913967167783,0.3251527607668348,0.6888737691425999,0.6887612064009483,0.0,0.0,3208.6908919117313,3137.141872643901
Firm 142,2018,0.0,70.83524077748224,90.16894269032449,113.6852118555003,155.05177435482628,1.0329378886779759,0.34029213807477976,0.0,113.1401587246479,1.0333088749364843,0.34169110845167466,0.6926457506031962,0.6916177664848097,0.0,0.0,2856.7478214161,2785.912580638618
Firm 142,2019,0.0,72.03701128526848,85.37609337300991,99.11032548666856,160.67235216299594,0.9468235752871239,0.3004947828320144,0.0,99.28146356413052,0.945850538912281,0.3030028377421271,0.6463287924551097,0.6428477011701538,0.0,0.0,2817.5982844624077,2745.561273196411
Firm 142,2020,0.0,73.9049052152832,80.68172698497024,90.81877526939715,148.2747367172937,0.9180383645927361,0.29814542482435,0.0,88.93559552416394,0.9109237458481614,0.30180427477170746,0.6198929397683863,0.6091194710764539,0.0,0.0,2718.2850126441163,2644.380107380654
Firm 144,2016,34.57336077878097,34.57336077878097,3.391038067712,63.801371012999994,69.352531044,1.0088161048264024,0.3451371599476499,3.18629127799808,64.6266063795,1.0323498195557874,0.35761917518184766,0.6636789448787526,0.6747306443739399,16.755838661636304,1.9882226097662576,63.63843823338127,29.065077454696652
Firm 144,2017,32.076232992425574,32.076232992425574,1.4440993591214082,96.57925095,117.56281331699999,1.4183895917058065,0.3785718095118868,1.2200640555950082,89.6937729555,1.4519928425794635,0.40321074890662933,1.0398177821939198,1.048782093672834,14.149874132726168,2.1843406239415444,61.382158374687336,29.30592538226176
Firm 144,2018,37.34123412503624,37.34123412503624,-0.20593448311705598,84.651083136,62.21401952550001,0.9560152728168232,0.32624472087514816,-0.18860951549132798,80.1093606225,1.0452979902156396,0.3437010063460406,0.6297705519416751,0.701596983869599,17.26722740677294,2.0837981046699756,67.82492694136216,30.48369281632594
Firm 144,2019,39.158163428274584,39.158163428274584,0.27062130410496,84.8531580465,77.5040001135,1.1157932435796722,0.33476931042723485,0.27062130410496,81.62969328450001,1.1385757506695129,0.3401133127263328,0.7810239331524373,0.7984624379431803,17.947777084363366,2.102331646504788,66.65486034555279,27.496696917278204
Firm 144,2020,44.36553805842872,44.36553805842872,0.005192662635519999,144.4226139795,142.92433855349998,1.6866065490509785,0.31337159478430987,0.005192662635519999,129.38003334750002,1.5087279555886457,0.3167227823838625,1.3732349542666686,1.1920051732047832,20.19289200326707,2.1170777626887887,68.9306337840554,24.565095725626673
Firm 145,2016,3.2971242803200003,3.2971242803200003,0.0,41.1980811795,0.0,0.0,0.0,0.0,41.1980811795,0.0,0.0,0.0,0.0,1.4311381313806337,2.219950774047875,27.254858773503997,23.957734493184
Firm 145,2017,3.314494809088,3.314494809088,0.0,36.5798559105,1.78821707388,0.0,0.0,0.0,36.5798559105,0.0,0.0,0.0,0.0,1.399489325038285,2.282113988995865,26.989384636416002,23.674889827328002
Firm 145,2018,3.540190271488,3.540190271488,0.0,37.8749707905,1.32804386109,0.0,0.0,0.0,37.8749707905,0.0,0.0,0.0,0.0,1.4560876065691648,2.342764739684265,25.418245507072,21.878055235584
Firm 145,2019,3.431045111808,3.431045111808,0.0,40.363044805499996,1.1668828612350002,0.0,0.0,0.0,40.363044805499996,0.0,0.0,0.0,0.0,1.3762816650477567,2.4021973531861875,21.885256098816,18.454210987008
Firm 145,2020,3.327545590784,3.327545590784,0.0,37.722584290499995,0.85952778084,0.0,0.0,0.0,37.722584290499995,0.0,0.0,0.0,0.0,1.354048194070016,2.3679878637940215,23.049487195136,19.721941604352
Firm 146,2016,25.358903991602787,25.358903991602787,0.48767469477376,249.5796563690415,68.8807043053257,1.0313390989684275,0.17593040062244822,0.34326005888430083,246.23803474372787,1.06123815912673,0.17753462282932975,0.8554086983459794,0.8837035362974002,2.434457421084467,10.037322457239542,27.097102071124073,1.73819807952128
Firm 146,2017,23.4026287993644,23.4026287993644,0.40992689245685765,183.8745741886518,-3.0147491641502997,-1.803642799654843,-0.8746439825106995,0.306908992974848,182.55256754411639,-1.492450171452319,-1.6014748116422308,-0.9289988171441432,0.10902464018991145,2.367252718006579,9.525978573168999,25.31621960835666,1.913590808992256
Firm 146,2018,25.659362024233985,25.659362024233985,0.318502658363392,154.35049224546705,-8.979975420362399,1.1331859437359677,-0.28454646294932134,0.2600567497046016,153.31320708295408,1.1218048981627817,-0.32070149664909897,1.4177324066852892,1.4425063948118808,2.3740139497965567,10.414829575402582,27.23253722911785,1.5731752048838656
Firm 146,2019,25.644675771168256,25.644675771168256,0.2089627824932864,127.44578411944812,-2.2300193085,2.190011595713287,6.041213675862498,0.2089627824932864,124.91293120440285,-32.86316297852654,-87.50989926839782,-3.851202080149211,54.64673628987129,2.3320395912258562,10.59621772771703,26.906576186711348,1.261900415543091
Firm 146,2020,24.981933567604734,24.981933567604734,0.0,103.7520205023633,5.3971809601329,6.134297647166072,1.3787785899891218,0.0,102.27221115184919,5.445205903994165,1.5710285417491867,4.75551905717695,3.874177362244978,2.159770216669184,11.145718784811828,25.90663322211113,0.9246996545063936
Firm 148,2016,70.99978604265237,177.20546853466277,59.77467894652149,0.0,0.0,0.0,0.0,53.85284628143349,0.0,0.0,0.0,0.0,0.0,70.99978604265237,0.963584,112.85215720359957,-64.3533113310632
Firm 148,2017,78.36770796003677,190.69982839538463,58.125157427056635,0.0,0.0,0.0,0.0,51.95255579358208,0.0,0.0,0.0,0.0,0.0,78.36770796003677,0.963584,109.23802945284281,-81.46179894254182
Firm 148,2018,72.9756976722907,172.49113488067573,58.53876460439552,0.0,0.0,0.0,0.0,51.87833368354816,0.0,0.0,0.0,0.0,0.0,72.9756976722907,0.963584,108.02711409398405,-64.46402078669168
Firm 148,2019,79.58199632136879,182.62698582443866,61.49416046784512,1.549058569758,0.1220985,0.0,0.0,53.75836313499648,1.5034918867833,0.0,0.0,0.0,0.0,79.77068881531812,0.9613047032960362,112.71632328390461,-69.91066254053406
Firm 148,2020,80.31303385670624,187.86947496336907,64.97035743962113,0.0,0.0,0.0,0.0,55.638420819456,0.0,0.0,0.0,0.0,0.0,80.31303385670624,0.963584,111.68246603196866,-76.1870089314004
Firm 150,2016,1082.7994526674331,986.441052667433,403.92011945746435,2.33806810286595,0.0,0.0,0.0,311.50173683604476,0.1467878943849,0.0,0.0,0.0,0.0,675.4401761373491,1.5447233739719526,585.0676667489997,-401.37338590879745
Firm 150,2017,1074.8596146014104,978.5012146014107,427.17160908763134,0.0,0.0,0.0,0.0,379.82396941813755,0.0,0.0,0.0,0.0,0.0,683.0023811338343,1.5164186179800987,591.2422029797069,-387.2590116217037
Firm 150,2018,1092.4060685123814,996.0476685123816,596.6342862425599,0.0,0.0,0.0,0.0,531.0170717417268,0.0,0.0,0.0,0.0,0.0,794.3016581423232,1.3252207122206774,177.63180650575936,-818.4158620066222
Firm 150,2019,1293.8914195803416,1134.9000595803416,714.3280478473318,0.0,0.0,0.0,0.0,632.4775275715994,0.0,0.0,0.0,0.0,0.0,915.1787105995039,1.3623274396627767,457.31923408037386,-677.5808254999674
Firm 150,2020,1596.328201477436,1437.336841477436,862.3167591912346,0.0,0.0,0.0,0.0,801.4711867379917,0.0,0.0,0.0,0.0,0.0,1145.87524446244,1.3423767736722876,-83.99756110123684,-1521.3344025427311
Firm 151,2016,2260.800597208637,2403.041064832,7753.569963292673,596.0064754115043,-43.1490898520112,-0.49026874319865127,0.6565041461945295,-1750.945505220608,570.8541412718328,-0.40073335885138445,0.6670206514508759,-1.1467728893931808,-1.0677540103022602,1494.220576685099,1.4579315240682778,63229.57536362087,60826.53429878886
Firm 151,2017,2118.2043393751037,2338.7955229184,8125.437484817408,472.22618375103394,-17.2508145671271,-0.3302621388938206,0.6661159435397814,7626.419093762048,451.4019295495629,-0.2319439652972337,0.6583574111412371,-0.9963780824336022,-0.8903013764384708,1237.0975483718482,1.6498842899160882,56191.56758679962,53852.77206388121
Firm 151,2018,1920.280753488896,2119.511513339904,8076.389010637824,371.51810142816885,-42.526820179058255,-4.969472310918214,0.3879183571564532,7867.15820590592,365.24789771281274,-2.013885443211212,0.2781874135007993,-5.357390668074668,-2.292072856712011,1165.127108950566,1.588111541955678,66160.04108118426,64040.52956784435
Firm 151,2019,2064.524502766592,2263.29160045056,9188.798036211712,304.7577207464751,-18.2954360561565,-0.4430539739389495,0.38517053145242497,9028.41462205952,300.05224801942785,-0.41820748839133143,0.3865248710523541,-0.8282245053913746,-0.8047323594436855,1409.1254984393124,1.4117569944459565,77101.97012941414,74838.67852896357
Firm 151,2020,2372.500735363072,2527.4169155461123,8341.643250148352,278.6834978164077,-10.3520373666249,0.10037202530975715,0.3304118690961024,8180.387572779007,274.930196893121,0.11849081185840238,0.3270934315837286,-0.23003984378634518,-0.20860261972532626,1527.8710486107302,1.496267470126363,82397.81253602509,79870.39562047897
Firm 154,2016,156.14025141524561,156.14025141524561,298.29774461917185,0.0,0.0,0.0,0.0,171.9357255989248,0.0,0.0,0.0,0.0,0.0,91.32335042404402,1.6474893586481445,564.2945252162428,408.1542738009973
Firm 154,2017,124.52102497843948,124.52102497843948,340.6235191622963,10.2365025615,9.688727991,0.9399932679086901,0.4674104966072736,195.38295334672384,10.2365025615,0.9399932679086901,0.4674104966072736,0.4725827713014165,0.4725827713014165,95.86982888177837,1.2515560811189683,612.6698999099847,488.1488749315453
Firm 154,2018,176.43396614172806,176.43396614172806,304.65401663697924,12.8465596035,11.8914880995,0.9006474550876564,0.4654754788406083,166.61013667587073,12.8465596035,0.9006474550876564,0.4654754788406083,0.43517197624704806,0.43517197624704806,95.32718558676358,1.7834256385968148,662.0638860327944,485.6299198910663
Firm 154,2019,0.0,0.0,0.0,11.6116061565,11.044330846500001,0.8993063637555906,0.4815216433730165,0.0,11.6116061565,0.8993063637555906,0.4815216433730165,0.417784720382574,0.417784720382574,0.0,0.0,0.0,0.0
Firm 154,2020,0.0,0.0,0.0,13.6663876155,13.3539479655,0.890443632510534,0.35287486154148623,0.0,13.6663876155,0.890443632510534,0.35287486154148623,0.5375687709690478,0.5375687709690478,0.0,0.0,0.0,0.0
Firm 155,2016,180.01696144623665,180.01696144623665,38.82312931621479,3.3133936200000003,0.209591067,-5.517455180755276,0.11595610804999328,22.01945908408013,0.471082515,6.954288227388792,0.11595610804999328,-5.633411288805268,6.838332119338799,58.362386144198965,2.9721448220028277,356.78981470435144,176.77285325811476
Firm 155,2017,183.13899045739365,183.13899045739365,0.0,3.3627252,0.192981885,0.0,0.0,0.0,0.44736322500000003,0.0,0.0,0.0,0.0,55.10574817403587,3.2023846300674013,344.0932942765672,160.95430381917348
Firm 155,2018,192.10177238041766,192.10177238041766,0.0,3.963118545,0.870714360225,0.0,0.0,0.0,0.21133452,0.0,0.0,0.0,0.0,57.321259000860366,3.229276492943639,343.70608677777994,151.6043143973623
Firm 155,2019,192.6302723007744,192.6302723007744,0.0,2.5895321895,-1.387684425675,0.0,0.0,0.0,0.19740204,0.0,0.0,0.0,0.0,54.52174168853791,3.404429912841381,328.0041274063577,135.37385510558332
Firm 155,2020,184.1472744966784,184.1472744966784,0.0,1.84702374357,0.643665460395,0.0,0.0,0.0,0.18486123681,0.0,0.0,0.0,0.0,54.889810456863955,3.2326831860360046,321.0813780055631,136.93410350888468
Firm 156,2016,487.65950965080594,386.083655926134,178.17567183872,0.4620368145,0.7823627025000001,0.3276226281487481,0.16711159802872227,83.778636471296,0.4620368145,0.3276226281487481,0.16711159802872227,0.16051103012002588,0.16051103012002588,423.1570911103289,1.1104644370117525,8922.920129183813,8536.836473257677
Firm 156,2017,684.329920041769,575.7284260464845,77.01071603043329,0.964263912,4.882282678499999,1.0250465801454014,0.06942881872166415,47.05941627774976,0.964263912,1.0250465801454014,0.06942881872166415,0.9556177614237371,0.9556177614237371,529.1020176454424,1.2462801873407447,6059.228488056013,5483.500062009528
Firm 156,2018,711.1289062227456,607.4918868689408,73.38846812107776,8.448388012499999,15.8163150405,1.0318404460859028,0.05690730247733862,53.88253920294912,8.448388012499999,1.0318404460859028,0.05690730247733862,0.974933143608564,0.974933143608564,493.1162722301585,1.389596074115986,5528.812665045361,4921.32077817642
Firm 156,2019,873.6450954431963,712.9562846354088,71.61666275863551,5.244670080000001,3.052825956,0.30557594658251164,0.15368959986885186,70.20493543953408,5.244670080000001,0.30557594658251164,0.15368959986885186,0.15188634671365975,0.15188634671365975,491.2105957465632,1.7137872084540167,5768.013079410603,5055.056794775194
Firm 156,2020,846.2830345581657,653.3117554637606,52.0850311816192,12.341069920499999,22.38054147,0.8123333373826201,0.08733149673883403,50.7614888635904,12.341069920499999,0.8123333373826201,0.08733149673883403,0.7250018406437861,0.7250018406437861,523.9538026685385,1.5563677320757445,5778.587805316365,5125.276049852604
Firm 157,2016,81.902712832,81.902712832,239.53305668403198,0.0,0.0,0.0,0.0,0.0,0.0,0.0,0.0,0.0,0.0,7.908835377151999,9.978731365366883,533.2714751999999,451.36876236800003
Firm 157,2017,82.225513472,82.225513472,262.8657152,3.95819708574,2.7711108885899995,0.5765029024473892,0.25762087373040266,0.0,2.7091872051,0.8410368625171927,0.3758327158080087,0.31888202871698657,0.4652041467091841,7.89879675904,10.030792232085892,456.59813273599997,374.37261926400004
Firm 157,2018,64.55627366399999,64.55627366399999,250.94810828800001,0.0,5.3600295000000004,1.0043552662088646,0.52633604744493,0.0,0.0,0.8885865694789082,0.46570174731182795,0.4780192187639348,0.42288482216708023,7.5802570874879995,8.206237820736742,423.506731008,358.95045734400003
Firm 157,2019,66.086445056,66.086445056,304.896285696,0.0,6.92726888472,0.8564629504313629,0.4307981547621974,0.0,0.0,0.703506922406993,0.32661230713286715,0.4256647956691656,0.3768946152741259,14.579025920000001,4.367907802775942,494.96033894400006,428.873893888
Firm 157,2020,69.065846784,69.065846784,319.13306681446403,11.4272027610486,12.1944672610869,0.9367788826398272,0.32019710284864905,9.14441216,5.126775483980401,0.9053705746853248,0.3790861836773401,0.6165817797911781,0.5262843910079846,18.75980490752,3.5475179638374876,499.562416128,430.496569344
Firm 158,2016,336.28374038341633,223.44307048114175,631.1488876436788,2393.1540438585002,754.8613281705,0.857089892176452,0.3216778994263344,585.0934330622464,1663.6870504005,0.9463327416811654,0.4371626801750016,0.5354119927501175,0.509170061506164,225.6813398238208,1.4358193368870256,1096.5027628488092,873.0596923676671
Firm 158,2017,399.4386532132061,446.46155241320616,790.2834457462887,2626.1265950085,1235.977872345,1.1109258712635763,0.3172076732739022,723.808547372206,1671.7580811675,1.0531970870864167,0.4425691870443348,0.7937181979896739,0.610627900042082,257.96440662955877,1.4920379917780922,1275.3247036880723,828.8631512748664
Firm 158,2018,351.1929278804022,351.1929278804022,830.8283121416397,2838.5287253625,1139.9108567835,1.0108477905155537,0.3135781873223024,751.7801195202048,1562.641124922,0.9949672515734989,0.502434563200502,0.6972696031932513,0.49253268837299696,319.55117047299615,1.058997486123452,1359.9830277939384,1008.7900999136326
Firm 158,2019,351.8332997939849,356.99935530789173,804.0736398590772,2685.7446186959996,939.619365246,0.8492460364272096,0.3053602323114256,186.67933080853504,1617.0510389849999,0.9269774759744134,0.43774185241978114,0.543885804115784,0.4892356235546323,231.1156814706863,1.4668885131089084,1479.945558276855,1122.9462029689635
Firm 158,2020,367.35261789967484,379.92628881769787,810.3317348469863,3005.373233273955,1257.648771654,0.9959198423275989,0.30155826467312724,508.5947621775975,1889.664592559955,1.0823336424260492,0.444300290069511,0.6943615776544718,0.6380333523565382,222.53944049145733,1.5906173943123056,1692.0559632140855,1312.1296743963876
Firm 160,2016,0.0,0.0,0.0,554.6122313144999,288.65333644199995,0.9546557329151639,0.35119911095069106,0.0,413.14803180900003,0.9279500959683734,0.40027436011615947,0.6034566219644729,0.527675735852214,0.0,0.0,0.0,0.0
Firm 160,2017,5.413548096749671,5.413548096749671,0.0224424495104,557.6320717455001,354.35515357049997,1.074212989378293,0.35734976959792847,0.0224424495104,466.751819394,1.0497656679778573,0.3748445307224725,0.7168632197803645,0.6749211372553848,3.471501477050368,1.5026375082204089,14.458966861045761,9.04541876429609
Firm 160,2018,0.0,0.0,0.0,608.2131784530001,247.18050240300002,0.9756891002638787,0.3775530421334575,0.0,484.968989421,0.9370455626078146,0.45907308428255095,0.5981360581304211,0.4779724783252636,0.0,0.0,0.0,0.0
Firm 160,2019,0.0,0.0,0.0,589.340091498,255.31729977600003,1.0789211632484872,0.38302104639179757,0.0,482.9427099165,1.0645374104919838,0.40419415487789784,0.6959001168566897,0.660343255614086,0.0,0.0,0.0,0.0
Firm 160,2020,0.0,0.0,0.0,772.0811067855001,359.206911624,1.4578399872701058,0.4137235973094511,0.0,660.896695446,1.4543683902932492,0.4483595332424851,1.044116389960655,1.0060088570507641,0.0,0.0,0.0,0.0
Firm 161,2016,24.23017215091272,24.23017215091272,13.124541401343999,58.436772654047545,-8.935070395406099,198.27790471513742,-123.08163863054645,11.756872158740482,43.386484104931505,198.00710960143692,-104.37240183110947,321.35954334568385,302.3795114325464,8.242841620187033,2.8324948212865584,37.053724681489,12.823552530672641
Firm 161,2017,26.648504121335705,26.648504121335705,19.04017216036864,280.6896360197385,-34.144590859331394,-47.41401486377479,21.7342229200454,16.49829679987712,205.90433412155537,-4.743071534832811,18.631077527298327,-69.14823778382019,-23.374149062131135,11.498550421619917,2.233157333203711,43.2440527927211,16.595548671481755
Firm 161,2018,29.635648682604746,29.635648682604746,18.37480401455104,254.83562964527172,-11.85837640879485,-2.0771252858321128,13.008205947601462,16.232631217919998,186.53116682968067,1.6646289173561752,11.709110013760762,-15.085331233433571,-10.044481096404587,15.148104568915047,1.8851491795731852,44.732909313350355,15.097260630745602
Firm 161,2019,28.433134660203006,28.433134660203006,19.960174373806076,218.31148515154857,-9.10543562779095,-1.9807863384283386,26.732054696509824,17.41913900803072,151.90769142972584,-9.286691069236971,16.907040420146107,-28.71284103493817,-26.19373148938308,14.097051185544807,1.9435067141212354,48.991988293285274,20.558853633082265
Firm 161,2020,31.90451118709985,31.90451126139218,18.114049671271832,210.7668084426603,-8.471929889498847,-8.924715994216575,12.096549851340082,16.842980375569308,97.8428622991116,0.9610907658376688,-0.03015784681101842,-21.021265845556663,0.9912486126486872,13.152869562513304,2.3373360742000684,53.25465262320486,21.350141359114648
Firm 163,2016,4.8979483203276795,4.8979483203276795,0.543377544192,1188.616452918,495.9818945745,0.9244870259956749,0.3604367885484679,0.543377544192,995.5884345614999,1.0232355911848852,0.44086676106959644,0.5640502374472071,0.5823688301152887,0.41504132758527995,11.371360682930732,20.20104271894528,15.303094398617601
Firm 163,2017,5.2339701614899194,5.2339701614899194,0.47335196774399996,1425.478802937,713.0519878260001,1.049991938886975,0.3354992394078328,0.47335196774399996,1056.0806617395,0.993665945299433,0.4797400191912207,0.7144926994791422,0.5139259261082122,0.44201822995455997,11.409868558153285,19.6910779124736,14.45710775098368
Firm 163,2018,5.81865153148928,5.81865153148928,0.4246069512192,887.1099900555,620.603558184,0.9993822019052628,0.33609693596038,0.4246069512192,624.670825803,1.0955543944359234,0.4940696089775761,0.6632852659448829,0.6014847854583474,0.40364304908799997,13.890390358477873,19.41818193343488,13.5995304019456
Firm 163,2019,6.322253282109441,6.322253282109441,0.41913585616896,743.440250571,341.82221295600004,0.8996508025906379,0.26961424438371906,0.41913585616896,450.6905823345,0.9491922768601244,0.4096038035026559,0.6300365582069187,0.5395884733574687,0.33896226206310404,17.972567416528516,19.33194738055168,13.009694098442239
Firm 163,2020,0.0,0.0,0.0,652.802467857,170.8478831175,2.0408710577705333,0.24142220552873792,0.0,345.413084409,1.0414021966581668,0.3464894989161001,1.7994488522417957,0.6949126977420668,0.0,0.0,0.0,0.0
Firm 164,2016,188.5887469992141,188.5887469992141,247.068900739584,-21.0034029,22.307513316,0.8526001266892687,0.30873808326991575,238.37019331811328,-9.302925126,0.9370750653763962,0.3593007482990981,0.5438620434193528,0.5777743170772981,58.741753894365594,3.0935593022175842,221.6307009303347,33.041953931120645
Firm 164,2017,196.8778062197504,196.8778062197504,269.15307087108096,-9.113884467,17.2723860315,1.0140082456965043,0.31515301103901167,268.73853276560385,-2.13924144,1.049564964231693,0.34236850850217815,0.6988552346574926,0.7071964557295152,56.09303435747635,3.3820296263428427,212.8009588282624,15.923152608512002
Firm 164,2018,188.99800380196353,188.99800380196353,238.2048857902592,0.0568023045,1.9459197615000001,1.095513542758799,0.6314112238925719,238.2048857902592,2.135392971,1.1918647868982029,0.738922678667172,0.46410231886622716,0.4529421082310309,53.35711983635804,3.413142483215821,194.68819740655104,5.69019360458752
Firm 164,2019,178.59664295528344,178.59664295528344,206.93433091675135,0.0,0.0,0.0,0.0,206.93433091675135,0.0,0.0,0.0,0.0,0.0,45.19964299429274,3.807394399711379,194.20014120863644,15.603498253352962
Firm 164,2020,0.0,0.0,0.0,0.0,0.0,0.0,0.0,0.0,0.0,0.0,0.0,0.0,0.0,0.0,0.0,0.0,0.0
Firm 165,2016,193.29732691362142,193.29732691362142,202.9160469673779,546.220500536445,206.76938013,0.7920622467085096,0.34545177755318385,119.07074723037184,204.18908603605502,1.054488411009732,0.8188742794852787,0.4466104691553258,0.2356141315244532,75.31777083437558,2.472965004053537,1199.5985215246985,1006.301194611077
Firm 165,2017,204.93928524795686,204.93928524795686,224.83594674393086,526.8768182110649,186.66086400763498,0.9080232636108997,0.34099920178422927,142.82985873178626,229.02177476623498,1.028903441549448,0.5235001977668374,0.5670240618266705,0.5054032437826106,84.98383805136712,2.3236914307989474,1316.640934518495,1111.7016492705382
Firm 165,2018,186.87961973971866,186.87961973971866,283.74071677264897,643.86953164437,224.36518799421,1.0643122550822497,0.35335960529812327,196.79082297655296,210.67764776955,1.1033816101858522,0.7089880009022109,0.7109526497841264,0.39439360928364137,113.9649564911965,1.5800840631320499,1421.1895841806047,1234.309964440886
Firm 165,2019,189.0195008479914,189.0195008479914,360.5141317422694,641.462523792645,283.33581809979,1.0336353274493608,0.28037463646949373,269.71093243181053,188.0661496041,1.1874744992257236,0.24870697747575593,0.753260690979867,0.9387675217499676,118.79496786814903,1.5331976595781778,1869.0211211031913,1680.001620255296
Firm 165,2020,190.73448215876257,190.7344821562573,387.75339188307964,1134.987658187775,683.392444924395,1.1911016575109126,0.3020967656636871,293.93067880841215,277.44415870695,1.2887850173109392,0.5084868059358406,0.8890048918472256,0.7802982113750985,130.41914215848436,1.4092156428473548,2172.640092194326,1981.9056100355633
Firm 166,2016,51.8237990303744,51.8237990303744,0.0,31.9514250902457,0.66125291876625,197.4680758705335,175.47160528417228,0.0,17.62241905879155,101.7245334432066,85.09044134399986,21.996470586361212,16.634092099206725,17.43208453927721,2.864636380828085,57.42127016404889,5.597471133674496
Firm 166,2017,38.50495771871887,38.50495771871887,7.12898960743424,49.614048948223804,0.006819564113099958,-2.1485171027287637,-2.110912538218744,6.418642179543039,25.3238653178922,-2.4443914747383544,-4.552064107613196,-0.03760456451001902,2.1076726328748423,17.5120477880065,2.1186991737108336,56.97346907298263,18.4685113541674
Firm 166,2018,29.081642474841704,29.081642474841704,36.10513511560191,41.92741863695565,2.7996186157935004,80.35226041418962,39.502628270246596,26.3814343894528,20.83296386011305,2.414223218865073,3.1649291589929684,40.84963214394304,-0.7507059401278953,22.383633844111156,1.2519238644466235,75.4587661994752,46.377123724537135
Firm 166,2019,27.342811833355466,27.34281184299131,6.59979438162944,33.392454081764704,3.2099519318943,-431.98397218472587,-217.1849999393033,3.98378524284928,18.97509381072285,-248.63214932060384,-216.72390852425215,-214.79897224542256,-31.90824079635166,11.35327210708316,2.320661017293365,58.30368794939914,30.96087610226442
Firm 166,2020,21.04583080577935,21.04583080577935,7.802534727075839,31.928772902045253,0.3805035405079501,559.6665871487231,469.45479542076407,4.36231000338432,19.217307027270003,989.155405147943,485.38978492295126,90.21179172795918,503.76562022499184,9.233552761682843,2.1962755132900877,56.873901199193696,35.82807058025329
Firm 169,2016,26.19303541465651,26.19303541465651,23.505464779776002,0.0,0.0,0.0,0.0,23.088232907776,0.0,0.0,0.0,0.0,0.0,8.004508411265638,3.1531217834032694,133.36036344652234,107.16732803186585
Firm 169,2017,28.755510905625705,28.755510905625705,32.611596638208,0.0,0.0,0.0,0.0,32.217490782208,0.0,0.0,0.0,0.0,0.0,8.410624479803392,3.2944462432038284,159.51322887608842,130.75771797046272
Firm 169,2018,26.043794470864693,26.043794470864693,39.49118214581248,0.0,0.0,0.0,0.0,39.11541813052416,0.0,0.0,0.0,0.0,0.0,10.155285802473575,2.4711646860102223,176.31614987194214,150.27235540107745
Firm 169,2019,28.260520865746635,28.260520865746635,0.0,0.0,0.0,0.0,0.0,0.0,0.0,0.0,0.0,0.0,0.0,0.0,0.0,200.2279658109514,171.96744494530108
Firm 169,2020,28.753400740882945,28.753400740882945,43.66671611436031,88.9704703900896,39.893245621455,1.1009009972022574,0.19168130817476356,43.32729239770112,45.914754190211106,1.0753195102001167,0.1689892591843544,0.909219689027494,0.9063302510157623,13.000001061734093,2.1312549720520684,235.3559144471507,206.60251370626773
Firm 17,2016,179.12769892057088,179.12769891093507,2642.301221037056,3641.132663066715,4487.909385396015,0.9291500282957821,0.13287354978743096,2642.301221037056,3637.2624245667153,0.9291472569041279,0.13287315346322523,0.796276478508351,0.7962741034409027,131.72199927766016,1.3103702159336479,6495.641521591747,6316.513822680811
Firm 17,2017,248.71307418823676,248.71307418823676,3138.88159618048,3660.6263020372953,1827.464199984255,0.9267149403715691,0.3425707470725896,3138.88159618048,3657.013143348795,0.9267149403715691,0.3425707470725896,0.5841441932989796,0.5841441932989796,199.8563278920294,1.1991411100481637,8971.79571902163,8723.082644823757
Firm 17,2018,263.20631074079745,263.20631074079745,1437.636872964096,3602.3138637251404,1776.88376950368,0.8881335862227969,0.32571644644482517,1437.636872964096,3602.30913690414,0.8881335862227971,0.32571644644482517,0.5624171397779718,0.5624171397779718,180.2623996458291,1.4069566932824795,8746.358280934288,8483.15197054038
Firm 17,2019,112.19316736504832,112.19316736504832,1140.4867439383552,4568.914709695455,3408.591632302905,0.9449328902204942,0.259801351969494,1140.4867439383552,4568.910169334955,0.9449328902204942,0.259801351969494,0.6851315382510003,0.6851315382510003,47.15404364727296,2.2926462424084146,7993.55384149081,7881.360674135399
Firm 17,2020,0.0,0.0,0.0,4894.316120123415,2289.6220400697152,0.9320137444239932,0.3508573381974211,0.0,4894.316120123415,0.9320137444239932,0.3508573381974211,0.5811564062265722,0.5811564062265722,0.0,0.0,0.0,0.0
Firm 171,2016,35.8685085610838,35.8685085610838,37.9453694536192,0.0,0.0,0.0,0.0,27.814909057474562,0.0,0.0,0.0,0.0,0.0,19.25165923153285,1.7952905013357368,81.34077470909583,45.47226614801203
Firm 171,2017,35.77701155645215,35.77701155645215,46.26696978751488,9.5623920105,31.7488517625,1.4398224735131784,0.42239255525853714,32.79759869346816,9.5623920105,1.4398224735131784,0.42239255525853714,1.0174299182546411,1.0174299182546411,21.323108793677516,1.6167509267614049,93.2399028443056,57.4628912877571
Firm 171,2018,28.616352604075313,28.616352604075313,76.02379081721857,14.7193594005,57.9373312095,1.0907760391501231,0.40979056982679324,42.730915199283196,14.1443417205,1.0942725473001258,0.42351359204359224,0.6809854693233297,0.6707589552565336,22.09563359038126,1.2479506140819163,118.34572778135788,89.72937517718621
Firm 171,2019,44.27927276914309,44.27927276914309,82.88187452601345,50.752965552,80.631479364,1.032801460354418,0.37379912594502535,47.88414493259776,53.198821881,1.0597781702584264,0.38627015017528227,0.6590023344093926,0.673508020083144,28.122848138319053,1.51715781282643,159.4715098532094,115.19223708416267
Firm 171,2020,0.0,0.0,0.0,87.31981560599999,68.1694315995,0.9663404486529424,0.3590913609148994,0.0,90.648391086,1.0599663835432929,0.3962559635057979,0.6072490877380431,0.6637104200374951,0.0,0.0,0.0,0.0
Firm 173,2016,21.606860914091005,21.606860914091005,0.0,20.563720508681097,-4.861100548005001,0.0,0.0,0.0,16.8561035750235,0.0,0.0,0.0,0.0,7.735952765018419,2.691333065164326,22.2950129450027,0.6881520309116929
Firm 173,2017,27.225067004650906,27.225067004650906,2.1803569772261375,20.651230085327253,-0.15105477450000002,0.0,0.0,0.8228824732888064,17.1630599449437,0.0,0.0,0.0,0.0,9.99960227313572,2.6234682388405712,28.03588430912297,0.810817304472064
Firm 173,2018,25.97409308126863,25.97409308126863,1.396747345397248,18.722998291979998,0.0,0.0,0.0,0.7651746099427328,15.87558545733,0.0,0.0,0.0,0.0,11.13405425380956,2.2478981992617517,28.80743123264686,2.8333381513782276
Firm 173,2019,27.593683858014412,27.593683858014412,1.663067855645696,18.5618819472378,0.0,0.0,0.0,0.8022056061612033,15.653037026810999,0.0,0.0,0.0,0.0,11.464392916624897,2.319253401380165,29.42309898362829,1.8294151257102336
Firm 173,2020,34.81476568988907,34.81476568988907,16.936606321052466,19.06325758138305,0.0,0.0,0.0,7.837784708053812,16.1114949682599,0.0,0.0,0.0,0.0,17.994615253911142,1.8642772134422054,29.20534126171648,-5.609424428172595
Firm 174,2016,42.380489280512,42.380489280512,0.0,129.95008733001492,51.74553051440999,0.8091611771246024,0.27263975373835153,0.0,44.14516452681195,0.731474659270094,0.4501866655179955,0.536521423386251,0.28128799375209856,17.136492104107827,2.3830525602777075,88.319339136,45.938849855488
Firm 174,2017,43.92660532272773,43.92660532272773,15.01286358196224,117.0682033878051,66.424590850665,0.9050297271401639,0.2600273213176903,12.560177595054078,45.43602879296189,0.9211598084838001,0.6112413619056806,0.6450024058224738,0.30991844657811934,18.31187014220339,2.311450099558332,87.05434342106163,43.1277380983339
Firm 174,2018,39.33440115770245,39.33440115770245,12.762793206763519,132.55423189450607,55.300732461825,0.8677727159844351,0.2973852165992064,7.867890900725759,38.41491297288705,1.243491968937745,1.1211420666615428,0.5703874993852287,0.12234990227620231,18.728384980417946,2.0237729865534693,93.98448784312086,54.650086685418394
Firm 174,2019,40.52923525470567,40.52923525470567,13.355539090698239,0.0,0.0,0.0,0.0,11.25323485187072,0.0,0.0,0.0,0.0,0.0,18.531828183126017,2.1073648124597844,93.91381579113308,53.38458053642742
Firm 174,2020,48.49391569519309,39.3333186633898,15.275591360112639,0.0,0.0,0.0,0.0,11.89963922131968,0.0,0.0,0.0,0.0,0.0,18.32119406351022,2.550486671297458,92.07605432956969,52.74273566617989
Firm 175,2016,157.01093274574143,175.93124692198708,72.951738232832,0.16571322000000002,0.0,0.0,0.0,56.50998945635328,0.0,0.0,0.0,0.0,0.0,78.786155597918,1.9203021326613705,2459.4703591742573,2283.53911225227
Firm 175,2017,153.17659179672975,184.37702254930656,90.5192977182208,0.1636261875,-0.0020870325,0.0,0.0,58.6352243445248,0.0,0.0,0.0,0.0,0.0,77.63289109976299,1.9012368461221798,2429.8702368805552,2245.4932143312485
Firm 175,2018,106.73608393400085,179.33452667611976,106.444699139072,0.177722412,0.014097170999999999,0.0,0.0,63.309741894656,0.0,0.0,0.0,0.0,0.0,56.67785823817677,1.8146271912615015,2537.2878195992607,2357.953292923141
Firm 175,2019,162.68963883142663,241.3266093230294,120.95737934246912,0.1572297405,-0.020493618,0.0,0.0,71.14146585515009,0.0,0.0,0.0,0.0,0.0,96.21638397810912,1.629297698190447,4986.527932902998,4745.201323580065
Firm 175,2020,157.65265548788386,238.03884729018444,140.81378814007297,0.1527679395,0.0,0.0,0.0,81.3667218336768,0.0,0.0,0.0,0.0,0.0,97.4300904031196,1.5591854195875101,4954.832320073068,4716.793472782884
Firm 177,2016,0.0,0.0,0.0,117.88705614958366,69.03256493314382,1.201448510268213,0.5700606638019781,0.0,86.06970565138111,1.0128231432269719,0.5887568063351021,0.6313878464662349,0.42406633689186973,0.0,0.0,0.0,0.0
Firm 177,2017,36.21976054789161,36.21976054789161,0.06428553151682559,89.35859377333306,5.706809904555901,0.784179318532344,0.6937038650874543,0.06428553151682559,63.45312920950995,0.960975018948354,0.7022426459446751,0.0904754534448898,0.25873237300367896,1.4986808759139327,23.28766738048634,36.63678744900116,0.4170269011095552
Firm 177,2018,38.62968620947507,38.62968620947507,0.016469898601471997,65.05773165049546,7.4271633528465,0.8844997694976755,0.7348493521685731,0.016469898601471997,45.050722200817205,0.9550619706116809,0.7415943896688141,0.14965041732910245,0.21346758094286675,1.2001845657904127,31.014352806609118,38.809483850077285,0.1797976406985728
Firm 177,2019,38.58232676796365,38.58232676796365,0.079714339853824,53.6343051701223,18.781038434859,1.1921076760085525,0.7401712509227169,0.079714339853824,29.294403693803247,1.0811627782183928,0.7473994044081973,0.45193642508583565,0.33376337381019566,0.6968174801543169,53.353013974546414,38.83665081370542,0.2543240457417728
Firm 177,2020,37.764115791822746,37.764115788450205,0.23757224148705278,55.66649653662225,32.342516069865,1.0588475708944054,0.4986312274023925,0.23757224148705278,39.916392040531655,1.1663907243931266,0.5017271932717244,0.5602163434920129,0.6646635311214023,1.552678829951488,23.43620396517203,38.345834413716375,0.5817186218936319
Firm 178,2016,10.72135705031854,10.72135705031854,28.528089875210238,0.0,0.0,0.0,0.0,28.528089875210238,0.0,0.0,0.0,0.0,0.0,5.600855030428467,1.8445269616599629,19.006284876800002,8.284927826481459
Firm 178,2017,10.364500971224269,10.364500971224269,26.14946066659328,0.0,0.0,0.0,0.0,26.14946066659328,0.0,0.0,0.0,0.0,0.0,5.491090653361971,1.8187766209507925,18.356169302118403,7.991668330894131
Firm 178,2018,12.063456225409025,12.063456225409025,25.4813160305664,0.0,0.0,0.0,0.0,25.4813160305664,0.0,0.0,0.0,0.0,0.0,5.6402529333358595,2.0609276819487534,17.769777271808,5.706321046398975
Firm 178,2019,12.172356882586827,12.172356882586827,25.164937061232642,0.0,0.0,0.0,0.0,25.164937061232642,0.0,0.0,0.0,0.0,0.0,5.577522617626419,2.102920801662656,18.542097556479998,6.369740673893171
Firm 178,2020,12.015140131246387,12.015140131246387,24.453144825856,-0.220581825,0.059893573500000005,16.86884029738186,16.25844748937558,24.453144825856,0.9027196424999999,21.003690073890684,20.359213912888116,0.6103928080062778,0.6444761610025651,5.093014237039719,2.273230792096965,21.162479717253426,9.14733958600704
Firm 18,2016,6.18482430144512,6.18482430144512,0.0,463.5213893385,240.9821190465,0.6930767511186793,0.2857720992538521,0.0,444.4012791345,0.8931514741150864,0.4362531884322166,0.4073046518648272,0.4568982856828697,0.5266936364748799,11.315112480892733,6.39818482870272,0.21336052725760002
Firm 18,2017,6.195841265664,6.195841265664,0.0,699.2053468575,599.7388052295,1.1825644844258365,0.2827641809141908,0.0,542.884546398,1.0112886935979775,0.4046968228507538,0.8998003035116459,0.6065918707472236,0.38995987203072,15.309815030566176,6.405393150074881,0.20955188441088
Firm 18,2018,6.2235142418432,6.2235142418432,0.0,753.1448314905,462.646831857,0.97485531100133,0.2876151266215993,0.0,521.0930298615,0.8652813485060912,0.42745166375299365,0.6872401843797307,0.43782968475309747,0.24796306959359998,24.18456408464714,6.42745672799232,0.20394248614911997
Firm 18,2019,6.27523962368,6.27523962368,0.0,591.5747136360001,230.8500296325,0.6226489180878948,0.2830934347216802,0.0,517.1076969615,0.9132038687338445,0.42810283219314216,0.33955548336621455,0.48510103654070236,0.37651330784256,16.059778954938082,6.283129449472,0.007889825792
Firm 18,2020,0.0,0.0,0.0,586.4947203585,324.6253121925,0.6671059848003598,0.2405468366737097,0.0,632.74075863,0.8477300969104294,0.31303615881073243,0.42655914812665,0.534693938099697,0.0,0.0,0.0,0.0
Firm 180,2016,61.09924913974201,61.09924913974201,12.29391537152,28.843631535,46.671383067,1.2801500879305205,0.47253828296158995,9.48340530878464,33.011542392,1.4341770904265005,0.5753584928665849,0.8076118049689305,0.8588185975599157,26.26755873998889,2.2413296745936604,117.07317770353214,55.97392856379013
Firm 180,2017,95.9428561006294,95.9428561006294,8.916279793664001,88.6230069705,100.38154210799999,1.6662254146500575,0.44455454644376746,6.3801290664448,64.5120760935,1.4819880427252672,0.5579164927398566,1.22167086820629,0.9240715499854105,22.16442115767132,4.171054159060291,121.95465466475407,26.011798564221028
Firm 180,2018,95.25698644407305,95.25698644407305,7.136387513958399,123.4718838045,78.58160456099999,1.162619624820058,0.452011352843108,5.05878107008,118.348652514,1.5103399729577778,0.5593190538791691,0.7106082719769501,0.9510209190786085,23.18389293880535,3.9591326731883827,121.04128021082347,25.784293766750412
Firm 180,2019,94.79953512178339,94.79953512178339,4.981054636298239,115.974631749,56.089147984499995,1.2587433605721727,0.39884397869115806,2.98679573200896,100.4028714855,1.4303699594652655,0.5679627347224635,0.8598993818810148,0.8624072247428018,26.33998377944934,3.468009548360406,123.47931832007323,28.679783198289815
Firm 180,2020,89.7727275899008,89.77272734495776,5.718823583488,77.4346027335,2.1781227134999996,0.42127813096601263,0.26147234103246186,3.6042514364211202,65.44705340249999,0.32360475585940773,0.28422883452110986,0.1598057899335508,0.039375921338297856,23.780055306652265,3.637651924122664,121.92017671527465,32.14744912537385
Firm 183,2016,-51.42049520621568,-51.42049520621568,0.00138709843968,165.05914496100002,103.289617926,0.8358694344553549,0.33956670919026316,0.00138709843968,155.014951323,0.9085914054400773,0.3839330777603056,0.49630272526509167,0.5246583276797717,25.094568982128028,-1.9744497898359383,0.30320806725632,51.723703273472
Firm 183,2017,-48.07455959552,-48.07455959552,0.0019841543577599997,257.6234120055,188.7450547455,1.2170645637816586,0.34067133310657177,0.0019841543577599997,214.132031367,1.2743025088384743,0.36066120102859633,0.8763932306750868,0.913641307809878,23.471141561458996,-1.9736524664550656,0.0,48.07455959552
Firm 183,2018,60.89559467145216,60.89559467145216,0.004332100218879999,342.88030625249996,239.974699467,1.4098933535252034,0.3661122750183014,0.004332100218879999,245.00486993100003,1.6769517288304494,0.463471778315411,1.043781078506902,1.2134799505150384,36.20011682647111,1.6209345670671598,113.56989427798015,52.674299606528
Firm 183,2019,62.72484783276032,62.72484783276032,0.00453575369728,342.4657997433151,177.833746902,1.230848726547102,0.37031606228305275,0.00453575369728,248.06916672872998,1.2357742243247822,0.4245603650787418,0.860532664264049,0.8112138592460405,48.61072988242565,1.2433604663058921,120.21748280180736,57.492634969047046
Firm 183,2020,60.32525146028032,60.32525146028032,0.0014919460147199998,363.02366255715003,131.405678697,1.2737415018036486,0.4960091067068845,0.0014919460147199998,284.62748067783,1.135742356236513,0.5537298738540116,0.7777323950967642,0.5820124823825014,46.2637599930452,1.2564574758264604,114.699857205248,54.37460574496768
Firm 185,2016,0.0,0.0,0.0,195.722392458,86.812150866,0.9267600066709745,0.38011973526000503,0.0,164.844461724,0.9459414789246633,0.38078440798777774,0.5466402714109694,0.5651570709368856,0.0,0.0,0.0,0.0
Firm 185,2017,3.774960110257562,3.774960110257562,0.0,343.6409136525,280.1535212985,1.860194808980476,0.35924239633440685,0.0,255.88057801649998,1.8208438903346196,0.39231992650055575,1.5009524126460694,1.4285239638340637,1.0517916786366466,3.4583760613103647,20.109978752432127,16.335018642078204
Firm 185,2018,4.158060692432486,4.158060692432486,0.007923849461248002,339.090218319,129.233429016,0.9276409649883752,0.3168866816470703,1.03103488e-08,283.3483090035,0.9622402915202644,0.3234321432890106,0.6107542833413049,0.6388081482312536,1.9055280685332479,2.102640638267227,18.548873471555684,14.3908127791232
Firm 185,2019,4.5885811570215935,4.5885811570215935,0.0065043595672576,361.614658077,171.5171949135,1.1166818304493729,0.3186863109497249,0.0,293.707199694,1.144820531207699,0.33732629146544957,0.797995519499648,0.8074942397422495,2.100739276367974,2.1047273382977436,17.249128319176705,12.660547162251468
Firm 185,2020,5.006913116065485,5.006913116065485,0.01336417293824,399.160312176,135.83978226750003,0.9246213633685666,0.3067256273754414,0.0008105185852416,332.5875920025,0.9115085489184158,0.31108657522988903,0.6178957359931252,0.6004219736885268,2.6844882457763837,1.7972071122388251,11.006610002243892,5.999696886178406
Firm 186,2016,109.848921926656,109.848921926656,0.07885682380799999,289.768370232,130.5162914535,0.9571500285883047,0.3383244925328769,0.0,230.21457414149998,0.9681630218321732,0.4404626893030139,0.6188255360554278,0.527700332529159,4.8122917058559995,21.995479504488344,508.35736238796807,398.508440461312
Firm 186,2017,109.62687844761601,109.62687844761601,0.040294307758079996,379.097703774,240.700081923,1.2334012651697628,0.35027198939690474,0.0,227.110766856,1.2396349960331705,0.5273285400876381,0.8831292757728579,0.7123064559455323,4.5722312295424,23.10353539417117,469.38223774208,359.755359294464
Firm 186,2018,110.45658786816,110.45658786816,0.046600849408,467.03005726649997,208.6773660645,0.989284062561669,0.3340849338791871,0.0,271.917228792,1.016971624614908,0.45274891573098847,0.6551991286824819,0.5642227088839198,4.87174453030912,21.847245909998417,452.29485331456,341.8382654464
Firm 186,2019,86.742661325824,86.742661325824,-0.00391108146176,533.0307535395,250.86700821600002,1.0431948432383824,0.322986492042332,0.0,325.5116280435,1.0337466524368002,0.40686206384549134,0.7202083511960503,0.6268845885913089,4.80600408899584,17.391545871207676,416.413048187904,329.67038686207997
Firm 186,2020,63.007184227328004,63.007184227328004,0.02004368422912,566.370079293,209.96268561600002,1.0400464120633368,0.32372744308656576,0.0,339.339592674,0.9253141829378007,0.385336671606366,0.716318968976771,0.5399775113314347,5.22004723991552,11.63068298352951,400.20634484735996,337.199160620032
Firm 187,2016,45.68314806876713,45.68314806876713,37.169870257152006,349.7844053578608,255.659773224495,1.1521740826066618,0.28228366452016473,-16.901074497536,202.5773906410569,1.0382490517202203,0.2775099939903165,0.8698904180864969,0.7607390577299038,17.276529552526746,2.5479394119553893,178.41029634493276,132.72714827616565
Firm 187,2017,51.2387671127556,51.2387671127556,30.28431772672,427.56154297556174,256.69743260821497,1.0804857218418016,0.31711618626938126,4.18136677376,228.83264730220557,1.0348533832800706,0.3424184019750567,0.7633695355724204,0.6924349813050139,10.402675263424,4.746169126625857,121.43806200434433,70.19929489168507
Firm 187,2018,50.99290154477292,50.99290154477292,29.085054570496,419.73009822326054,200.679926552745,0.99415424442498,0.3816668662057302,2.728076858368,215.54825997650298,1.0606351705544637,0.46582101201450626,0.6124873782192499,0.5948141585399576,10.079570176168449,4.874805491040942,118.48223655693577,67.48933501225923
Firm 187,2019,0.0,0.0,0.0,0.0,0.0,0.0,0.0,0.0,0.0,0.0,0.0,0.0,0.0,0.0,0.0,0.0,0.0
Firm 187,2020,0.0,0.0,0.0,0.0,0.0,0.0,0.0,0.0,0.0,0.0,0.0,0.0,0.0,0.0,0.0,0.0,0.0
Firm 188,2016,3826.333798465208,3463.3018912631605,1036.6173367518309,0.050376162860850004,0.0094605894993,0.0,0.0,403.66370208493566,-4.06995e-09,0.0,0.0,0.0,0.0,2300.632784667437,1.6025999679011198,30327.516783826883,26864.214892563723
Firm 188,2017,3891.216502089073,3455.1041833277236,1618.6667134497586,0.0,-8.802450000000003e-09,0.0,0.0,1094.0422495630744,0.0,0.0,0.0,0.0,0.0,2513.552477315031,1.4917189896724243,30512.550446330726,27057.446263003003
Firm 188,2018,3995.0677399260576,3645.215291003392,2480.911644998656,0.0,0.0,0.0,0.0,1902.7601282048,0.0,0.0,0.0,0.0,0.0,2512.6914307070674,1.5320557494899576,29820.27608604939,26175.060795045996
Firm 188,2019,3857.492325742766,3422.6822047479086,1620.10481624064,742.1969607176329,10.167092172236101,3253168.8596383645,1342061.3084661656,994.6453431920639,167.414147358867,2430022.8396173683,1451186.5314924812,1911107.5511721992,978836.3081248871,2458.3328363204646,1.5120075810287767,28559.902637538256,25137.220432790342
Firm 188,2020,3889.4532352660785,3423.2539370714117,1617.5589087918079,753.8596433789405,-9.60959025522,0.0,0.0,-1336.553317195776,172.14476756566546,0.0,0.0,0.0,0.0,2393.9805030771713,1.5655160522123168,34669.27426026918,31246.02032319777
Firm 189,2016,22.243373056,22.243373056,0.0,494.76705330600004,168.3697662825,0.8878949289461604,0.28371713947367283,0.0,216.4251689745,0.8240834292023358,0.2474395241633449,0.6041777894724876,0.576643905038991,9.054798848,2.3670717309779716,3089.455547392,3067.212174336
Firm 189,2017,24.430708736,24.430708736,380.26586624614396,480.1174395975,161.1267280365,0.8667744209029737,0.3172776763016288,363.584321236992,217.421516397,0.7795610401352284,0.2515892388989344,0.5494967446013449,0.527971801236294,11.66900224,2.017399565317919,3464.849565696,3440.41885696
Firm 189,2018,21.158377471999998,21.158377471999998,386.16888204288,573.575522559,234.480119313,1.080324463118946,0.26863937425522444,383.448770169856,271.950628884,1.0396131904253945,0.22922770427348477,0.8116850888637216,0.8103854861519096,10.362382336,1.9674890712293103,3449.189398528,3428.0310210559996
Firm 189,2019,21.944623349397606,21.944623349397606,294.0080546325197,650.1669111585,261.465585834,1.1223279858589965,0.26836595160027793,293.8855097773773,301.322392275,1.2007974913803552,0.24667465531628438,0.8539620342587185,0.9541228360640708,9.872642563253349,2.1418265484674683,3707.1596546496366,3685.2150313002394
Firm 189,2020,22.34317132551772,22.34317132551772,179.78930571624448,651.974176251465,200.33718382499998,0.8747720136823519,0.25131268242311894,179.65763590370304,289.56429159046496,0.9387506434870521,0.22881483426114274,0.6234593312592329,0.7099358092259094,9.358965160519167,2.300416982996159,3586.330915303266,3563.987743977749
Firm 19,2016,0.0,0.0,0.0,306.762041355,133.43227527899998,0.8506635858913523,0.39162774315854054,0.0,287.4182514315,0.8775508400736688,0.4254073072418041,0.4590358427328118,0.45214353283186465,0.0,0.0,0.0,0.0
Firm 19,2017,0.0,0.0,0.0,423.04588897499997,285.4654629195,1.20819572076248,0.37602454963066323,0.0,388.427110077,1.2324925974451015,0.4114895452575958,0.8321711711318168,0.8210030521875058,0.0,0.0,0.0,0.0
Firm 19,2018,3.54635329693696,3.54635329693696,0.0,475.3325053905,229.0923053055,0.9818433329612521,0.3514716839637771,0.0,427.4200601655,1.0447386213147807,0.3923111040024752,0.630371648997475,0.6524275173123056,0.5233316725308416,6.529720012454084,3.56897434674176,0.0226210498048
Firm 19,2019,1821.4401504137386,1532.3649504137386,2054.684568876054,502.58827716749994,333.3285443835,1.2768710863793196,0.3521986722616513,1088.9798402371198,467.637135741,1.2886014949974136,0.39255221009665137,0.9246724141176681,0.8960492849007623,1316.642440508072,1.3330199087453096,6851.5080292461425,5319.143078832405
Firm 19,2020,1822.0266573483577,1436.5930573483577,2167.815958573586,515.8354230195,205.102150668,0.9273770814127092,0.34139661765937634,1143.9600773609748,478.51545522000004,1.0178858521311247,0.38820322641275923,0.5859804637533328,0.6296826257183653,1316.6470553064921,1.3334444698132635,6542.8885249229215,5106.295467574564
Firm 190,2016,12.633950674944,12.63395239012352,0.0,249.52215731484625,-4.77524276634,-0.4910267967700736,-0.34359266085967116,0.0,249.52215731484625,-0.4910267967700736,-0.34359266085967116,-0.14743413591040241,-0.14743413591040241,2.0481951139840002,5.94370753257267,47.62691603926016,34.99296364913664
Firm 190,2017,12.86228372691968,12.86228372691968,0.0,184.962102197229,-0.5096194328700001,-0.5734630949277469,-0.5620410332506272,0.0,184.962102197229,-0.5734630949277469,-0.5620410332506272,-0.011422061677119734,-0.011422061677119734,1.667480184832,7.432706496580568,45.768028333824,32.90574460690432
Firm 190,2018,13.206077595729921,13.20607753791488,0.0,194.59764359030086,0.37939212991995,0.3546349111512004,0.3451489490142822,0.0,194.59764359030086,0.3546349111512004,0.3451489490142822,0.009485962136918158,0.009485962136918158,0.9002283520000001,14.13548578617064,40.154880005488636,26.948802467573763
Firm 190,2019,13.526541920327679,13.526541920327679,0.0,93.1042654418883,79.9536945,3.537366273290571,0.4323923411500069,0.0,93.1042654418883,3.537366273290571,0.4323923411500069,3.104973932140564,3.104973932140564,0.7774126430310401,16.7658186248929,40.83165245702144,27.30511053669376
Firm 190,2020,14.090420417535999,14.090420417535999,0.0,120.25293036523183,0.0,0.22762652225159538,0.22762652225159538,0.0,120.25293036523183,0.22762652225159538,0.22762652225159538,0.0,0.0,0.8471194562559999,16.02761401280806,41.40588162902016,27.315461307842558
Firm 191,2016,15.15177808221051,15.15177808221051,1.1834118933897215,2.630026299,1.9304340750000002,22.064571601759592,-0.22398383577143782,0.0,-4.213918328999999,-17.211282480701296,0.1692133455449431,22.28855543753103,-17.38049582624624,2.3699797028351997,6.160394924101156,70.56644374207274,55.41466565986222
Firm 191,2017,14.247772059747941,14.247772059747941,1.3539232482526207,0.0,0.0,0.0,0.0,0.0,0.0,0.0,0.0,0.0,0.0,2.5093421510262788,5.471125245636695,94.77499948414588,80.52722742439792
Firm 191,2018,14.916291105395711,14.916291105395711,1.941066505030349,0.0,0.0,0.0,0.0,0.0,0.0,0.0,0.0,0.0,0.0,2.3211082493467647,6.192343443071507,57.12315530339461,42.2068641979989
Firm 191,2019,0.0,0.0,0.0,0.0,0.0,0.0,0.0,0.0,0.0,0.0,0.0,0.0,0.0,0.0,0.0,0.0,0.0
Firm 191,2020,0.0,0.0,0.0,0.0,0.0,0.0,0.0,0.0,0.0,0.0,0.0,0.0,0.0,0.0,0.0,0.0,0.0
Firm 192,2016,97.44305292832625,97.44305292832625,6.0820079518412795,0.0,0.0,0.0,0.0,5.036005478167961,0.0,0.0,0.0,0.0,0.0,33.02629038967419,2.84302492363008,46.12444807731897,-51.31860485091092
Firm 192,2017,182.02333484742388,158.27098924742387,44.13878691045376,0.0,0.0,0.0,0.0,18.515475715543037,0.0,0.0,0.0,0.0,0.0,78.05666271538739,2.247018601412027,-54.526842260197895,-212.79783150762177
Firm 192,2018,245.8557100374496,206.20422843744964,83.58281703681024,-0.546970992,8.332028141999999,1.1338266776690291,0.49210560311795903,34.22299468286976,-0.546970992,1.1338266776690291,0.49210560311795903,0.6417210745510702,0.6417210745510702,128.84215877134693,1.83870427785327,-161.95432140256236,-368.15854984001203
Firm 192,2019,302.37026765639536,238.24375245639538,163.25633482791935,5.6449610205,26.997996288,1.1016052183992096,0.4142670196232053,83.87096012346368,5.6449610205,1.1016052183992096,0.4142670196232053,0.6873381987760042,0.6873381987760042,200.38650629342413,1.4539858864687503,-217.42978655815065,-455.673539014546
Firm 192,2020,445.74433992339823,375.35452872339823,319.3417279425536,8.381537664,67.741828455,1.0626227165582858,0.38085524642139107,219.4831587353088,8.381537664,1.0626227165582858,0.38085524642139107,0.6817674701368949,0.6817674701368949,219.94494644248996,1.9528164706119053,91.36357124570644,-283.99095747759543
Firm 193,2016,85.382062409728,85.382062409728,171.514804934656,124.34868922349999,72.035498874,0.8034509870337134,0.11172846850324517,167.794680768512,6.443048874,1.8542923445541546,1.3792346865656568,0.6917225185304683,0.47505765798849775,59.562500547584,1.3812850110160886,122.097141254144,36.715078844416
Firm 193,2017,85.54908427878401,85.54908427878401,231.44587154432,121.23526076549999,62.116663482,0.6743960076966132,0.045296516364848445,209.118823744512,4.85103966,0.765849603713757,0.23164281847620097,0.6290994913317648,0.534206785237556,66.02500501299201,1.248522871137488,127.52328125644799,41.974196977664
Firm 193,2018,76.27303690854399,76.27303690854399,245.504723022848,117.30646515000001,70.533702468,0.9838562223352744,0.015146839342605389,202.846870905856,-0.0515113695,0.793606220316065,-0.041327509919751634,0.968709382992669,0.8349337302358167,55.114844444672,1.3334969686844018,129.038989252608,52.765952344064
Firm 193,2019,84.728375696384,84.728375696384,289.84940120064,113.3479816155,44.8802974545,0.8738901087494709,0.07838267081308582,218.85991217049602,9.9443331555,0.8730165449915115,0.25924311013737894,0.7955074379363852,0.6137734348541326,57.428572474368,1.4216426362237025,160.780811611136,76.05243687833601
Firm 193,2020,0.0,0.0,0.0,101.900790081,40.1526340695,0.7291915729571823,0.09718147749041052,0.0,9.479279845499999,0.8041496140361223,0.28712836892051724,0.6320100954667718,0.517021245115605,0.0,0.0,0.0,0.0
Firm 194,2016,39.538787560448,39.538787560448,22.223197534207998,122.064544681635,61.274784007650005,0.8958436619870509,0.3651933135503987,20.672941197312,79.7925117969,0.9193637659688136,0.43462979088540565,0.5306503484366522,0.484733975083408,22.256791926784,1.711789515666818,60.94419231744,21.405404756992
Firm 194,2017,37.560583333888005,37.560583333888005,24.031927570432,152.878422410025,81.67544703771,0.9945014546550722,0.35931027948285105,20.137320504319998,91.459198205265,0.998629722343162,0.39902914397286615,0.6351911751722213,0.5996005783702959,21.682288692224,1.6692323234392266,62.731742777343996,25.171159443456
Firm 194,2018,32.174099631104,32.174099631104,23.655089139711997,141.777047390415,52.494090285045004,0.7032399672018582,0.3642958754866562,20.210593358848,85.50122145700499,0.8101582653028824,0.41354914294685785,0.33894409171520196,0.3966091223560246,16.574421448704,1.8704995353766563,55.764985168896004,23.590884574208
Firm 194,2019,26.038104640512,26.038104640512,19.571251520512,133.9823176635,92.3785580655,0.9788867927581677,0.37874546392486885,16.21319693312,89.201419746,0.9141283377280431,0.41194450645965,0.6001413288332988,0.5021838312683932,13.392702733312,1.8734008752032094,48.40375361536,22.365649938432
Firm 194,2020,17.659079778304,17.659079778304,18.176385630208,215.45638357521,160.13981439843,1.463077387179799,0.3757209895855699,15.132274418688,104.32940454954,0.9603939869282392,0.4167401032736922,1.0873563975942293,0.543653883654547,12.749935353856,1.3345955298472225,45.997533084672,28.338453306368002
Firm 196,2016,21.182124663389185,21.182124663389185,0.0,460.160280902475,170.78485274835,0.8705799065882222,0.3340986715646078,0.0,352.45389969297,0.9444910672588229,0.38271919818880573,0.5364812350236143,0.5617718690700173,8.230466254409011,2.4799028123969626,69.01519852536228,47.83307386187674
Firm 196,2017,28.71440778299525,28.71440778299525,26.111926614003103,466.979329778835,255.06464888409002,1.0178325557972507,0.321871941453924,5.850678077406105,347.81563008112505,1.004251074459232,0.37369025007329143,0.6959606143433269,0.6305608243859406,7.034837507892736,3.9331034836450374,96.88210773171119,68.16769994861956
Firm 196,2018,30.017987790596504,30.017987790596504,30.31656638520484,528.2279423137501,212.564943393885,0.9761975294428182,0.34410745947106486,6.219932091631923,375.831022664385,0.9921145491660133,0.3872374213742601,0.6320900699717533,0.6048771277917533,7.216533577024,4.008136654321832,110.59076434763723,80.57277655713709
Firm 196,2019,34.127887718703505,34.127887718703505,23.46178615793572,657.3552908751751,309.7574838555,1.1957946721002717,0.33705567149306986,6.330801069169766,464.391034891995,1.1977484953634756,0.40124679244353273,0.8587390006072019,0.7965017029199428,8.189190615457177,4.015669936595233,108.2980516905863,74.17016397178645
Firm 196,2020,37.92561253362657,37.92561253362657,37.94280314006293,711.81504850842,254.693112244455,1.1171250046022543,0.3241535638411462,8.291231778499379,524.3923876815601,1.1509484535398622,0.3845339576296324,0.7929714407611081,0.76641449591023,8.963477017158041,4.0770465922596655,127.40046340321557,89.47485086958899
Firm 197,2016,0.0,0.0,0.0,12.1779837665256,34.37779217991,1.003219791283085,0.20727673262528243,0.0,12.1779837665256,1.003219791283085,0.20727673262528243,0.7959430586578026,0.7959430586578026,0.0,0.0,0.0,0.0
Firm 197,2017,0.0,0.0,0.0,9.772527169712252,29.623660632285,0.9408107742765232,0.2162746023742726,0.0,9.772527169712252,0.9408107742765234,0.21627460237427262,0.7245361719022507,0.7245361719022507,0.0,0.0,0.0,0.0
Firm 197,2018,0.0,0.0,0.0,9.68328571065,27.423763137315,0.9449502070279325,0.23293888849575847,0.0,9.68328571065,0.9449502070279323,0.23293888849575842,0.7120113185321741,0.7120113185321741,0.0,0.0,0.0,0.0
Firm 197,2019,198.06848296172228,198.06848296172228,67.89559402607442,7.4071459932021,25.641478668645004,0.9722501176505466,0.28807064312083214,8.47782172242852,7.4071459932021,0.9722501176530723,0.2880706431233576,0.6841794745297146,0.6841794745297146,37.11637844950733,5.142086298797332,197.47239405096713,-0.5960889108514816
Firm 197,2020,613.4367959973362,613.4367960007087,587.1223762441136,7.599535333613701,18.2675330637042,0.9338223659961962,0.43064957390048925,190.07373939575706,7.599535333613701,0.9338223659988033,0.4306495739030964,0.503172792095707,0.503172792095707,302.3298486056543,1.9551423200866251,893.7454219602467,280.3086259630069
Firm 199,2016,2225.16942313259,2494.97294313259,28.296115526021122,65.2714360065,-4.123272023999999,6.823772038329232,-20.090711894333516,6.76715236805632,0.0,0.0,0.0,26.914483932662744,0.0,1829.2777923556455,1.1721224968563624,47564.3819827264,45069.409039593804
Firm 199,2017,2421.158549819566,2728.860901104916,8808.031930014986,48.747477813,-51.1383718335,20.501855593804958,-1.2262471788470142,8787.822318355516,0.0,0.0,0.0,21.728102772651972,0.0,2201.496936069417,1.0597287699317395,57192.48222147878,54463.621320364226
Firm 199,2018,2514.827986734019,2729.413434161756,10211.52001513344,186.43729749899998,206.361031635,1.031965660906787,0.03305395111341044,10191.583019975107,66.042919638,0.8936493565981831,0.03633350508363153,0.9989117097933766,0.8573158515145517,2177.1541207828786,1.1130346665112258,60263.01710572671,57533.60367156495
Firm 199,2019,3110.538408487209,3314.199424638679,9756.349462234348,547.178508339,518.139479451,1.258582719855882,0.05600749842401771,9739.144474075536,216.24462315300002,0.9251532421154794,0.07185812302556949,1.2025752214318643,0.8532951190899101,2819.087473094789,1.0632039872510046,74546.82841007072,71232.62898543205
Firm 199,2020,3473.432645475338,3696.427328744632,9149.583690824058,557.781748416,130.097218167,1.3748139376340742,0.11350909940860407,9134.283485057556,252.4686916065,0.9462995768305366,0.04501202410284449,1.26130483822547,0.901287552727692,3138.2402870697783,1.0665034592946354,83298.94233465561,79602.51500591099
Firm 2,2016,33.391180270391,33.391180270391,28.17805850554368,163.59790655571092,39.24106662072,0.9453936972250274,0.7432654883023035,28.17805850554368,162.95236849948964,0.9552922111325322,0.7610276224210772,0.2021282089227238,0.19426458871145477,10.190313816192,3.1574304413019467,41.917495534541004,8.526315264150018
Firm 2,2017,40.63728089865073,40.63728089421824,26.86504948074496,195.52993325386785,35.94824889976335,1.1267435879970757,0.9634505189948209,26.86504948074496,182.73911709547426,1.1569437800435138,0.9976307388277751,0.16329306900225482,0.15931304121573875,10.113572225000448,3.8717708052402555,50.22297519271936,9.585694298501119
Firm 2,2018,50.62161375710576,50.62161375710576,25.064437774622718,201.53301838923466,29.0022440270043,0.9391966963431795,0.8145884734841837,25.064437774622718,188.5959807566034,0.9436203475210982,0.8211590846349119,0.12460822285899571,0.12246126288618625,9.495234757878272,5.13712175784336,59.21762513571123,8.596011378605466
Firm 2,2019,57.60232571962368,57.60232571962368,23.22644463663104,0.0,0.0,0.0,0.0,23.22644463663104,0.0,0.0,0.0,0.0,0.0,8.146470726453249,6.813340560591826,64.53522667683839,6.93290095721472
Firm 2,2020,29.6523995322368,29.6523995322368,21.71855802289152,0.0,0.0,0.0,0.0,21.71855802289152,0.0,0.0,0.0,0.0,0.0,7.324577222110413,3.900918358075323,38.17868494792704,8.526285425326078
Firm 200,2016,3.2541647341960194,3.2541647341960194,2.46697478132736,3254.1029278678097,767.5181712330742,0.8728784770363984,0.35964709716511983,2.46697478132736,891.0416566185572,1.1275577417788378,0.49665035945492736,0.5132313798712786,0.6309073823239104,3.0738042510746624,1.0201238644716066,5.62393557412864,2.3697708399326207
Firm 200,2017,3.5447928533009407,3.5447928533009407,3.95273866272768,3697.856065952113,1413.7837412896622,1.0704075928961594,0.30852642500129485,3.5048941130594304,908.1633506372995,1.0756916415884075,0.3477582713524966,0.7618811678948645,0.727933370235911,2.6366811465536513,1.2954564799083605,6.780975161882829,3.236182308581888
Firm 200,2018,3.9854765283768323,3.9854765283768323,4.30552550683648,4449.532344852377,1704.6111719490225,1.0662683521284642,0.2593647871375425,3.759562554033152,789.9858938196114,1.0442818217682266,0.3121507331666176,0.8069035649909216,0.732131088601609,3.3064018839747584,1.1614865796358769,9.42822801426821,5.442751485891379
Firm 200,2019,4.562254032394445,4.562254032394445,8.937785829159733,0.0,0.0,0.0,0.0,5.694432050993971,0.0,0.0,0.0,0.0,0.0,3.8065551402295297,1.1548801547862748,11.930567143683993,7.36831311128955
Firm 200,2020,4.331906524524032,4.331906525102182,10.27571908449884,0.0,0.0,0.0,0.0,5.600355471963033,0.0,0.0,0.0,0.0,0.0,3.618436653750784,1.1535799064494154,14.658841075793408,10.326934551269375
Firm 201,2016,15.57007832440525,16.53366232440525,6.68264916363264,388.869972457875,153.111917675265,1.2499144817412755,0.4100734991408868,4.8318371207987205,214.1853424116,1.1932497320142004,0.5429900627512683,0.8398409826003888,0.6502596692629321,5.453911647846707,2.7508840114905717,33.74032374355722,17.206661419151974
Firm 201,2017,17.548319164362855,17.548319164362855,6.376833040650239,333.78791014660504,39.77228669799,1.4600515656507864,0.7152038532703906,5.01840148513792,164.93784600741,7.455042421081009,7.505943689885061,0.7448477123803959,-0.05090126880405238,7.3337558678082555,2.3056780016222267,32.714415813521924,15.166096649062707
Firm 201,2018,17.76219322128302,18.29216442128302,6.3168880367616,0.0,0.0,0.0,0.0,4.922952082104321,0.0,0.0,0.0,0.0,0.0,5.257155234493338,3.2556324532019043,31.084153418750258,12.791988997467238
Firm 201,2019,17.244707982896436,17.244707982896436,6.19356689907712,0.0,0.0,0.0,0.0,4.79362807626752,0.0,0.0,0.0,0.0,0.0,5.172577914368206,3.2124648428850002,31.89496724979108,14.650259266894642
Firm 201,2020,17.03831380950559,17.03831391232,10.392661036031999,0.0,0.0,0.0,0.0,8.501400030208,0.0,0.0,0.0,0.0,0.0,6.114737818490573,2.6849632905227963,33.811457576410625,16.773143767001397
Firm 202,2016,3.854336,3.854336,30.096611185698716,-26.1687913005,52.853239340909994,0.8702762996247925,0.3253012326737725,24.59250162378322,10.001353155,1.0221259285014008,0.4055020996592123,0.54497506695102,0.6166238288421886,3.0411750957197317,1.2212307359254637,3.854336,0.0
Firm 202,2017,3.854095104,3.854095104,0.0,24.556787273999998,105.70562370837,1.1849871083510617,0.33974911997930995,0.0,43.130242617,1.2393337174999695,0.396736784988528,0.8452379883717519,0.8425969325114415,3.132188570624,1.1856707516025695,3.854095104,0.0
Firm 202,2018,0.0,0.0,0.0,82.77340318499999,129.11787297955502,1.122895790832453,0.3498162778841943,0.0,88.586103882,1.1258763418787026,0.38779935865878107,0.7730795129482588,0.7380769832199219,0.0,0.0,0.0,0.0
Firm 202,2019,0.0,0.0,0.0,123.469395456,123.07755969465,1.0153613631629461,0.30944434413266486,0.0,104.8963291245,1.0262471240562792,0.3542834325416131,0.7059170190302813,0.671963691514666,0.0,0.0,0.0,0.0
Firm 202,2020,0.0,0.0,0.0,128.59077066,31.318403050935007,1.2316563773760765,0.4382707074177378,0.0,97.8934387515,1.0218255965155014,0.48793188879400323,0.7933856699583387,0.5338937077214979,0.0,0.0,0.0,0.0
Firm 203,2016,1043.48456836096,1043.48456836096,1990.600311706624,-85.36496940299999,78.44527448699999,0.8489137146086397,0.30114472122779146,931.0939440660479,-41.802223610999995,0.936339812702229,0.3567856471644747,0.5477689933808481,0.5795541655377542,798.6587548262399,1.2589670222024743,4429.1775007232,3385.69293236224
Firm 203,2017,929.2441306624,1187.53647384576,2031.2122119331839,-29.2224842505,77.0726876355,1.0748648956946834,0.3110361718215561,1153.010957523968,-3.9821640180000006,1.099899132590485,0.34229442762908513,0.7638287238731273,0.7576047049614001,713.6201658936423,1.2547358093207934,4555.364889357312,3367.8284155115516
Firm 203,2018,1011.1072883712001,1011.1072883712001,1963.938748946432,7.93333584,30.42622686,1.1176180960117568,0.42403354208341804,1105.480420110336,16.432652177999998,1.1933655882541148,0.48753663164549493,0.6935845539283386,0.7058289566086199,647.7007876867993,1.5042235919419604,4251.578206289921,3240.47091791872
Firm 203,2019,895.5308230618214,895.5308230618214,1918.2493258349978,10.087931403,6.9247605839999995,0.856106179691685,0.2991283466476416,1083.9659670242202,10.823399763,0.8545706268703928,0.3178778026844416,0.5569778330440435,0.5366928241859512,564.872909449943,1.5276341955387593,3905.475899574323,3009.9450765125016
Firm 203,2020,877.51392126976,877.51392126976,1811.0985695101647,3.1741435935,1.2750329894999999,0.8691417979264848,0.48224796840479156,1013.177517105275,5.80708038,3.117124790303412,0.9522702248851955,0.38689382952169327,2.1648545654182163,577.9334559134822,1.4630722026228953,4260.0207654004225,3382.5068441306626
Firm 204,2016,27.748092651382887,25.467878651357285,10.38460300701696,59.568312561,39.188225343,1.6838183282852517,0.4923624497211125,9.54547010111488,59.3284420125,1.7149780142602833,0.6631390031806224,1.1914558785641391,1.051839011079661,8.04232159853056,3.324614389242461,39.677636517038074,14.209757865680794
Firm 204,2017,21.20186649625805,21.20186649625805,11.298363508736,110.07078594149999,79.2911265165,1.386128486412272,0.468573825030031,10.484655364096,90.435388833,1.532392274935289,0.6211994128158866,0.917554661382241,0.9111928621194024,11.100661193919898,1.8404110321933078,43.93758113237033,22.73571463611228
Firm 204,2018,20.090746912583477,20.090746912583477,12.519492313088,121.91187768636,96.029417051055,1.045523264734586,0.2979230809446884,11.616484021248,103.70313150936,1.2552719127099403,0.48265419337695015,0.7476001837898977,0.7726177193329902,11.43199467049267,1.693415963793529,41.871400533585714,21.780653620905884
Firm 204,2019,22.127560842435788,22.127560842435788,13.855804094464,180.91214539499998,115.666460814,1.129800560092944,0.28285165698464443,12.907768485887999,132.716747781,1.2660806120003916,0.4752782043454159,0.8469489031082994,0.7908024076549756,10.24244691209984,2.0817060385843287,38.17483140428216,16.047270561846375
Firm 204,2020,24.169809325438667,24.169809325438667,12.475516266496,154.62082054524,44.54707170853499,0.885041993532806,0.24961873804427115,11.540491932672,96.625234674315,0.6134778251130532,-1.4852678622075708,0.6354232554885348,2.0987456873206236,11.241224250334106,2.0718065070493803,42.237608193954614,18.067798868419583
Firm 205,2016,19.31689102248387,19.31689102248387,19.12475976511488,0.0,0.0,0.0,0.0,12.917516660510719,0.0,0.0,0.0,0.0,0.0,12.851949984805477,1.4482975066830546,69.55747017855487,50.24057915597465
Firm 205,2017,6.88283762653778,6.88283762653778,19.557133694801923,388.52909688282404,160.8138232065483,0.7879455820578887,0.21064690513473394,-13.67797570793472,15.952972829145603,0.4748534298647944,0.06862319696973833,0.5772986769231547,0.4062302328950561,3.6942029578292224,1.7952971959686186,56.82102720586086,49.93818957932309
Firm 205,2018,8.517658656754175,8.517658656754175,9.016889593722881,332.2998577646937,103.0122217326003,0.7163053226038284,0.27613862472819933,0.0,-10.0482325566189,0.43247096646973004,0.5782631781220913,0.4401666978756291,-0.14579221165236111,2.439156276502016,3.3648846849944887,44.99475721307924,36.477098556325075
Firm 205,2019,8.58217766901033,8.58217766901033,-0.00682414043136,502.2885127479204,223.0959713318271,1.0379926829505228,0.10064227947207918,0.0,-16.2443488247058,0.157007546267421,-0.8428036616486412,0.9373504034784436,0.9998112079160622,2.005536524050739,4.123409864564716,45.190097855009284,36.60792018599895
Firm 205,2020,0.0,0.0,0.0,713.3212270010007,418.97156835460424,2.8878498657231697,0.20736578956396146,0.0,-56.07283207826985,0.9642937087612142,-0.143296707151132,2.6804840761592086,1.1075904159123462,0.0,0.0,0.0,0.0
Firm 207,2016,176.62145542163404,178.5223491144185,-0.2837328945037311,4.7352969548249995,6.57398594244,0.6396099137872465,0.4232137951708673,-0.6249982182034431,4.7352969548249995,0.6396099137872465,0.4232137951708673,0.2163961186163792,0.2163961186163792,104.87645787943394,1.6227627433475103,550.2666197680387,371.7442706537167
Firm 207,2017,211.87960904173372,212.15645782185615,0.07534208371712005,5.580643420815,7.36128990498,0.6392309056875076,0.3761292026016462,-0.8665324265779201,5.580643420815,0.6392309056875077,0.3761292026016462,0.2631017030858615,0.2631017030858615,104.50059599927839,1.953709442961261,501.8168346956558,289.6603768737997
Firm 207,2018,0.0,0.0,0.0,4.77120449446455,5.288307355095,0.4995811989899959,0.2967670436457024,0.0,4.77120449446455,0.4995811989899959,0.2967670436457024,0.2028141553442935,0.2028141553442935,0.0,0.0,0.0,0.0
Firm 207,2019,0.0,0.0,0.0,4.392286367580001,5.78109993936,0.6178106977215939,0.3789868945187718,0.0,4.392286367580001,0.6178106977215939,0.3789868945187718,0.23882380320282218,0.23882380320282218,0.0,0.0,0.0,0.0
Firm 207,2020,0.0,0.0,0.0,4.949048996729999,6.74413550259,0.6406013831787595,0.3418862852021937,0.0,4.949048996729999,0.6406013831787595,0.3418862852021937,0.2987150979765658,0.2987150979765658,0.0,0.0,0.0,0.0
Firm 208,2016,34.214041648127996,34.214041648127996,3523.17392729088,1.0976976960000002,0.0318128115,0.0,0.0,849.736240125952,0.4755746040000001,0.0,0.0,0.0,0.0,23.118368997376,1.426056618060372,22131.55731940966,22097.343277761538
Firm 208,2017,39.551354622976,39.551354622976,2608.116053183488,1.319475897,0.1496179875,0.0,0.0,545.244133593088,0.411155814,0.0,0.0,0.0,0.0,26.586140149760002,1.4334932516847407,26170.839643131905,26131.288288508928
Firm 208,2018,42.847657929727994,42.847657929727994,2764.8976789934077,1.292241306,0.070379847,0.0,0.0,1115.6931607418878,0.2941958625,0.0,0.0,0.0,0.0,18.701651649536,2.2076829572207,28540.71954371789,28497.871885788158
Firm 208,2019,53.007836017664005,53.007836017664005,3126.780493003776,0.9487545630000002,0.040510199999999996,0.0,0.0,1834.4055018076158,0.259632522,0.0,0.0,0.0,0.0,19.4681065984,2.6236502457533586,30893.2764847872,30840.268648769536
Firm 208,2020,56.578321370112,56.578321370112,2002.4266816675838,1.43046438,0.000954072,0.0,0.0,1238.011131359232,0.2248950255,0.0,0.0,0.0,0.0,23.32436494848,2.337382618541596,35549.689119277056,35493.11079790694
Firm 209,2016,10.013648759808,10.013648759808,0.0,217.23580079250002,55.1223190575,0.6127223655866169,0.19843980670924172,0.0,107.600253411,1.3316098175527906,0.8952428860465984,0.4142825588773752,0.43636693150619205,1.663220179968,5.8013916875133615,1625.377623048192,1615.363974288384
Firm 209,2017,10.326786579456,10.326786579456,265.730441759744,117.1174519395,23.577296070000003,0.7503546514301123,0.26071247574404555,265.730441759744,46.121476032000004,0.6832095993378878,0.24962938862606454,0.4896421756860667,0.4335802107118233,1.523982291968,6.5294238468667665,1558.708441895936,1548.381656280064
Firm 209,2018,11.174716409856,11.174716409856,180.646730973184,88.51577345327941,20.836894611102903,3.8826746351780663,1.507459331908517,180.646730973184,30.1665761101137,0.3449465895561013,-2.0904677957739297,2.3752153032695484,2.435414385330031,2.6288257791999996,4.096040910079449,1427.2672213504,1416.092505904128
Firm 209,2019,12.942072076288,12.942072076288,152.39195819212802,83.0081703724626,6.968986841909251,1.3277840205666531,0.45610134660993773,152.39195819212802,31.796263871355897,1.5155061244027015,0.6970049627848499,0.8716826739567155,0.8185011616178515,2.023718153216,6.162307512901396,1126.588772155392,1113.64669911552
Firm 209,2020,13.214182416384,13.214182416384,79.41360673279999,63.823594823440345,-6.54847372048995,-0.14249582161908805,0.7832236366732597,79.41360673279999,25.818724638763047,-0.2003974904102338,0.8209578979423134,-0.9257194582923478,-1.0213553883525472,1.680266944512,7.577947534525235,1021.6394773340161,1008.425293954048
Firm 21,2016,3.65219272753152,3.65219272753152,0.0,-0.6296203185,0.858132867,1.285639799456971,0.6831169910400896,0.0,1.664297205,2.0103220241194726,1.350965072587532,0.6025228084168812,0.6593569515319406,1.03878516919296,3.3877981526245904,4.374317117614081,0.7221243900825599
Firm 21,2017,3.1962523421481985,3.1962523421481985,0.0,-3.9942290535,5.6938647824999995,0.932983666635239,0.3501017824079121,0.0,0.031940589,1.0704352932115437,0.528927723614562,0.5828818842273269,0.5415075695969817,0.239416825327616,12.86399822837045,3.8859720181372928,0.6897196759890944
Firm 21,2018,55.66473965648988,55.66473965648988,0.0,-8.921332292999999,6.187105808999999,0.7376964024368524,0.30891272256416985,0.0,-2.278541631,0.8466437853850163,0.4491685621544924,0.42878367987268245,0.397475223230524,20.20135770915881,2.6551508700249946,111.47270283599555,55.80796317950566
Firm 21,2019,46.648520536848075,55.76646149068523,0.0,-9.545088097499999,1.2799226085,0.44422576493445215,0.28646094825839297,0.0,-3.2394038220000003,0.6804606341001308,0.5131776521867694,0.15776481667605916,0.16728298191336155,16.91883626077604,2.656788405547016,95.58462228489215,39.818160794206925
Firm 21,2020,23.269984802917172,23.269984802917172,0.0,-1.9972105964999998,11.228921062500001,1.9358647256848178,0.16415244934751175,0.0180578988127232,-0.9439037505,2.301122068256012,0.2503474930705251,1.7717122763373059,2.050774575185487,19.41360238494116,1.1549935242171747,74.84708400391752,51.577099201000344
Firm 210,2016,639.9452429910733,639.9452429910733,27889.34075772426,913.3123338345,370.532333094,0.8719924726265562,0.3422040018002829,27889.34075772426,739.5129390674999,0.9097695795850015,0.3897333978791684,0.5297884708262733,0.5200361817058331,260.2640384,2.369290051799605,284329.90452452266,283689.9592815315
Firm 210,2017,678.3569337952256,678.3569337952256,38199.31125555134,1019.3650247249999,547.55780307,1.1058673125863,0.35216862346705646,38199.31125555134,762.2028232395,1.0536977497954818,0.4133312536070028,0.7536986891192438,0.6403664961884791,253.1335168,2.5822494624865837,298172.8430429245,297494.48610912915
Firm 210,2018,657.3387344861286,657.3387344861286,48117.99373251114,1087.2247804545,438.78342966,0.9694455253549139,0.34795082264651034,48117.99373251114,852.080446248,1.055496056743751,0.40937699119324295,0.6214947027084035,0.6461190655505082,267.5872768,2.367082227173672,282829.5453636794,282172.2066291933
Firm 210,2019,766.1692236889455,766.1692236889455,44638.769639638864,1068.657483987,434.4401957685,0.8830159058056454,0.3157779585946934,44638.769639638864,825.9175308195,0.897655884742591,0.37112960769906966,0.567237947210952,0.5265262770435213,342.3613952,2.1564008547395033,311228.36940993794,310462.20018624887
Firm 210,2020,893.9616162652877,893.9616162652877,40135.692257836985,1136.345420625,568.8291847290001,0.9981393708746937,0.2917647566854862,40135.692257836985,889.852187016,1.042572213099735,0.34599461234806694,0.7063746141892077,0.696577600751668,418.3881728,2.0588706040195475,332875.9036381179,331981.94202185265
Firm 212,2016,174.6690551619073,174.6690551619073,104.181634428928,43.639528174550556,5.651027148465,0.7153060669122628,0.42939100180636836,104.181634428928,17.8633888946343,0.9598093906914088,0.4863410243007676,0.2859150651058945,0.47346836639064127,33.63675082566543,5.003702876102679,205.07239239211367,30.403337230302718
Firm 212,2017,173.45669415204168,173.45669415204168,106.9494649088,44.8987114374654,13.474420671915,1.0304403189902176,0.37517616265191667,103.323846170624,-0.5189252958373499,0.8154036980224922,-0.7339583417452129,0.6552641563383008,1.5493620397677053,35.93656922864456,4.650975281318056,202.8922729697564,29.43557881771469
Firm 212,2018,184.95070433669702,184.95070433669702,107.527277090816,34.60583108589645,5.600034985231351,0.6911418348343311,0.33494659674835714,104.53341617783808,0.6531457516703999,0.0,0.0,0.3561952380859739,0.0,29.85263787179151,5.969842271659755,213.32331934292662,28.372615006325965
Firm 212,2019,180.42626385850028,180.42626385850028,109.618543446016,35.2228227727266,-1.8850314391213498,-0.5075172751089124,0.3819302095747741,105.185880710144,0.6077797173253501,0.0,0.0,-0.8894474846836866,0.0,32.41332176081551,5.3637162619970535,213.75898419314748,33.33272033464719
Firm 212,2020,180.1518455974136,180.1518455974136,99.690813617152,0.0,0.0,0.0,0.0,99.690813617152,0.0,0.0,0.0,0.0,0.0,40.30755996400282,4.3066719033145695,211.67524315272797,31.523397555314382
Firm 213,2016,-64.62833273406454,-64.62833273570264,27.876164695558142,128.138194113,53.8642766895,1.5289259827238348,0.3476481686033392,27.876164695558142,84.706953138,0.9470432713243296,0.41571783482726066,1.1812778141204958,0.5313254364970689,322.73671393262714,-0.19295860892424224,480.7348871384956,545.3632198741982
Firm 213,2017,16.351812407814453,52.103544748513386,19.425425551274394,115.40931758699999,20.501537365500003,0.7448900842644927,0.34100078872679385,19.425425551274394,85.668186357,0.9274066679345933,0.39874490439340704,0.4038892955376988,0.5286617635411862,333.7182191091283,0.04721451783254015,506.75179516295714,454.64825041444385
Firm 213,2018,87.0307320578221,91.43142228884419,15.267101390019482,120.231697227,30.8070899415,0.8182296231115348,0.31387178831354556,15.267101390019482,91.94174547600001,0.7858993877470752,0.37292697396685015,0.5043578347979892,0.41297241378022503,343.84290802890615,0.24389457790461216,529.4515887438904,438.0201664549498
Firm 213,2019,171.45991568536462,180.62548050801263,10.669611629499801,148.665295497,50.200347741,1.0067589719593644,0.32620665225252377,10.669611629499801,109.831757778,0.8547203918728811,0.3916571964379277,0.6805523197068407,0.4630631954349534,199.96562992597904,0.8262221435599915,499.2252347273893,318.59975421937673
Firm 213,2020,176.89456641471017,189.22767880519228,22.107010232563404,169.2243346305,42.478745843999995,0.8047861962364049,0.31992205900758464,22.107010232563404,124.550726274,0.886520431592665,0.3873640355182761,0.4848641372288203,0.4991563960743889,246.26553102894144,0.692150351581766,524.7616735181466,335.53399460512935
Firm 214,2016,24.032292467358925,24.032292467358925,2.6071612503244803,0.0,0.0,0.0,0.0,2.6071612503244803,0.0,0.0,0.0,0.0,0.0,6.257353512719154,3.700786995300281,63.35395189279447,39.32165942543555
Firm 214,2017,26.55950521930527,26.55950521930527,2.89942622171136,566.6791138539743,170.85165582759885,0.9717564865717375,0.16424688562969914,2.89942622171136,-19.26504887372595,0.9292844012953299,1.1075557283779855,0.8075096009420385,-0.17827132708265592,8.087731393554433,3.1643378138936464,68.81414970065869,42.25464448144977
Firm 214,2018,23.88208035269212,23.88208035269212,2.992974531328,442.48070491895027,89.73673351016491,0.6663723245987971,0.16063885432079514,2.992974531328,-11.83439058231255,0.9256643659568019,1.1034335392348198,0.505733470278002,-0.17776917327801775,6.659914466610995,3.455358267728431,63.96660996623861,40.0845296135465
Firm 214,2019,27.06460443592745,27.06460443592745,3.1909413705728,412.4493007053996,103.44797037943381,0.7422742830763561,0.19018209347355128,3.1909413705728,-10.248426430311001,0.9660621907866652,1.1924219874764013,0.5520921896028048,-0.22635979668973588,8.187634470947533,3.1851714794212915,73.62611891325798,46.56151447733053
Firm 214,2020,26.795920971611647,26.795920971611647,3.50152874718208,460.9624198608761,157.07119826091704,2.3732338933098505,0.181401878065297,3.50152874718208,11.975999212890901,1.9761984099256757,0.44512834269438606,2.191832015244553,1.5310700672312898,10.037054551362457,2.5724798626310688,74.77942665889373,47.983505687282076
Firm 215,2016,3.1797388875264,3.1797388875264,2.778294038528,492.38625137961003,165.36820403481,0.8261745753709918,0.533193163216563,0.32870740991999997,262.476069640995,0.9608574021266271,0.6113446659884142,0.2929814121544287,0.3495127361382129,0.69635595695104,4.399970281885103,5.1418172949504,1.9620784074239999
Firm 215,2017,0.0,0.0,0.0,504.100919640045,195.1972454064084,0.8056977091621199,0.5137164278958443,0.0,276.327879086325,0.9378364556364385,0.5733489963879637,0.2919812812662756,0.3644874592484748,0.0,0.0,0.0,0.0
Firm 215,2018,0.0,0.0,0.0,569.224509090585,238.28113258241999,0.8314992051477889,0.5103374063175501,0.0,295.82718622894504,0.9408341150394457,0.5590467693671126,0.32116179883023876,0.3817873456723331,0.0,0.0,0.0,0.0
Firm 215,2019,0.0,0.0,0.0,399.1024965167976,183.82280690542828,0.8570599725907015,0.4920672365186298,0.0,148.55414211902925,0.9245524053294826,0.5431298572515186,0.36499273607207156,0.38142254807796383,0.0,0.0,0.0,0.0
Firm 215,2020,0.0,0.0,0.0,697.3569576460835,456.70175126589,1.3804944554917178,0.5142226047227917,0.0,162.8593909315782,1.0344471845686571,0.5759494157420845,0.8662718507689262,0.45849776882657256,0.0,0.0,0.0,0.0
Firm 216,2016,6320.421785705307,6156.879066880778,1296.0288590759324,8098.035642907822,3357.1102637937224,1.0215635136270274,0.3428778025728342,631.5769565884007,6282.311459216313,1.0733489335546642,0.39814746659740474,0.6786857110541928,0.6752014669572594,4076.8114383298557,1.4938776046144666,68643.43599600799,62486.556929117585
Firm 216,2017,9.63584,9.63584,1041.7319656280883,9036.360118359,3807.986771224502,1.0280937066566211,0.3117849048297661,481.8218961090048,7054.0720410129,1.0846021969534707,0.376618914109013,0.7163088018268553,0.7079832828444574,9.63584e-09,963584000.0,9.63584,0.0
Firm 216,2018,0.0,0.0,0.0,10094.580748826922,3731.101331159595,0.9901971907933107,0.2956420430017179,0.0,7539.118758085055,0.9823206181446579,0.36129817170624023,0.6945551477915928,0.6210224464384176,0.0,0.0,0.0,0.0
Firm 216,2019,0.0,0.0,0.0,0.0,0.0,0.0,0.0,0.0,0.0,0.0,0.0,0.0,0.0,0.0,0.0,0.0,0.0
Firm 216,2020,0.0,0.0,0.0,0.0,0.0,0.0,0.0,0.0,0.0,0.0,0.0,0.0,0.0,0.0,0.0,0.0,0.0
Firm 217,2016,113.14504976996496,113.14504976996496,0.0,1.177682625,0.0683647485,0.0,0.0,0.0,0.468865812,0.0,0.0,0.0,0.0,23.512663701097164,4.636852762558523,115.41008827266252,2.2650385026012163
Firm 217,2017,111.13101336323973,111.13101336323973,0.0,1.0847230404939001,-0.057028754625000004,0.0,0.0,0.0,0.5079207939001499,0.0,0.0,0.0,0.0,23.039569801383628,4.647832720130612,113.18423342941307,2.0532200661733375
Firm 217,2018,118.30824601996605,118.30824601996605,0.0,5.6871523610511,4.7851831365,0.7544166885585903,0.07720424354019247,0.0,4.61748727130805,0.6714225962857344,0.07720424354019247,0.677212445018398,0.594218352745542,23.999395157272577,4.750116916940608,118.3909090391174,0.08266301915136
Firm 217,2019,0.0,0.0,0.0,2.1045756274347,1.1565501195,0.0,0.0,0.0,2.0432404398793502,0.0,0.0,0.0,0.0,0.0,0.0,0.0,0.0
Firm 217,2020,0.0,0.0,0.0,5.4874922154909,0.48489508291500005,0.0,0.0,0.0,5.47712497922595,0.0,0.0,0.0,0.0,0.0,0.0,0.0,0.0
Firm 22,2016,160.27105163371522,199.39490173129727,72.92974996864,3164.652441705,1368.9607749795,0.9637586787108188,0.3490261710382253,48.96220322249728,3048.9034924694997,0.9833039756643948,0.36706547195884937,0.6147325076725935,0.6162385037055454,125.08524263283714,1.2346350198219143,2931.7429575021565,2732.3480557708594
Firm 22,2017,160.61627384823817,217.02717018603764,62.014201327667195,3182.7721591455,1327.7267088165,0.9360271641252154,0.3502966816578435,40.966599100764164,3114.398046921,0.9888016128904115,0.3685039852784244,0.5857304824673719,0.6202976276119871,123.39682689933312,1.2542240794087804,2939.0629369612416,2722.035766775204
Firm 22,2018,121.15659830901555,183.47341897338674,54.818403377315846,2633.440865898,1354.789223277,0.9469785686227491,0.3454679463801281,35.87847771693056,2543.650759119,0.9811920440416112,0.36945186966933236,0.601510622242621,0.6117401743722788,93.07331151980544,1.2543290629575579,2486.623484908818,2303.1500659354315
Firm 22,2019,135.37113497713665,176.60141014797313,48.251842651320324,2665.082427153,1339.317442755,0.9216672425096859,0.3360953025523147,30.78110011628544,2588.77336152,0.9712396218586281,0.3558317878661427,0.5855719399573711,0.6154078339924853,103.63471848297277,1.258665644440775,2524.6541725488637,2348.052762400891
Firm 22,2020,128.34400501288704,162.11431683607296,41.86338347828224,2817.486825468,1364.606400783,0.9405715045227223,0.3417473942011972,25.6719273513472,2678.9510496375,0.9614528552719804,0.36588061990164755,0.598824110321525,0.5955722353703328,98.55842910182677,1.2547909991398751,2414.408104164851,2252.2937873287783
Firm 221,2016,345.4280976384,441.78649763839996,1385.1428970219522,2.1262961595,18.287442796455,0.9656167779381355,0.21268208938722422,1357.168265090048,2.1262961595,0.9656167779381357,0.21268208938722422,0.7529346885509114,0.7529346885509114,257.598717840384,1.2921220680960197,913.054298714112,471.267801075712
Firm 221,2017,285.862691885056,401.492771885056,1441.8526791936,2.0921029005,18.320363353695,0.9264774985876305,0.21164575779674968,1416.606893060096,2.0921029005,0.9264774985876306,0.21164575779674968,0.7148317407908809,0.7148317407908809,212.000339791872,1.299303182097685,879.1221641646081,477.629392279552
Firm 221,2018,360.892007798784,360.892007798784,1493.816375588864,2.302768841295,19.485335988630002,0.9232117084859848,0.21353606167418712,1466.951063955456,2.302768841295,0.9232117084859848,0.21353606167418712,0.7096756468117976,0.7096756468117976,239.94139197767677,1.4493112737927967,870.029839501312,509.137831702528
Firm 221,2019,349.194553814016,387.737913814016,1526.361148640256,2.497605487695,21.109854003975,0.926555979812249,0.2170937584503383,1498.18068745728,2.497605487695,0.926555979812249,0.2170937584503383,0.7094622213619106,0.7094622213619106,238.09230369989632,1.4132262140083252,878.284830867456,490.54691705344
Firm 221,2020,385.965721919488,385.965721919488,1500.73524499968,2.645365278,16.284513569999998,0.7270837975949349,0.22196440338518506,1472.434385923072,2.645365278,0.7270837975949349,0.22196440338518503,0.5051193942097498,0.5051193942097498,248.274762037248,1.4979790581141357,988.841188222976,602.875466303488
Firm 223,2016,29.67906185873367,29.67906185873367,23.391050270627844,0.0,2.493863746035,0.0,0.0,23.391050270627844,0.0,0.0,0.0,0.0,0.0,17.165676835757978,1.6660146532942244,35.63691727151278,5.957855412779111
Firm 223,2017,33.07381000987382,33.07381000987382,24.725731176448,0.0,0.0,0.0,0.0,24.725731176448,0.0,0.0,0.0,0.0,0.0,19.438412790868888,1.6395059868018012,39.77314343225723,6.69933342247977
Firm 223,2018,32.276827008660995,32.276827008660995,26.6503677449216,0.0,0.0,0.0,0.0,26.6503677449216,0.0,0.0,0.0,0.0,0.0,16.595425263448067,1.8740968419059112,38.57677028058112,6.299943271920128
Firm 223,2019,31.920383038929817,31.920383038929817,28.820026996776964,0.0,0.0,0.0,0.0,28.820026996776964,0.0,0.0,0.0,0.0,0.0,19.83211921547684,1.5509169764460096,39.13420842265129,7.213825383721471
Firm 223,2020,38.40595691835371,38.40595691835371,31.10677215951872,0.0,0.0,0.0,0.0,31.10677215951872,0.0,0.0,0.0,0.0,0.0,22.497191443211467,1.644977137907671,45.10059348340736,6.694636565053645
Firm 224,2016,2.464723310748979,2.464723310748979,0.0,-6.7785859635,8.555175928499999,1.2000731859292164,0.5114841688953795,0.0,-1.4931264659999999,1.253911078333868,0.575446420436193,0.6885890170338369,0.6784646578976751,0.7680735205121023,3.0921101733610965,4.549856652961792,2.085133342309171
Firm 224,2017,2.597311803312435,2.597311803312435,0.0,29.108863551000002,67.6612462845,2.176534619608757,0.18070377373217006,0.0,10.586441595,1.8541399221668338,0.2707442447157268,1.9958308458765863,1.583395677451107,0.6850721817186304,3.653232700829353,4.24038241051648,1.6430706072040446
Firm 224,2018,2.585362828561408,2.585362828561408,0.0,46.4684563065,32.5270527045,1.577917494190236,0.039757492967352065,0.0,19.402989712500002,1.4024743743904953,0.051679592871673716,1.538160001222884,1.3507947815188217,0.6647625989900288,3.747524694652509,4.164988358112564,1.5796255295511552
Firm 224,2019,2.4040027858386943,2.4040027858386943,0.0,40.197351462,3.3043517055000002,1.1845369672132937,-0.018185214425015125,0.0,18.779219710499998,3.07433048415925,-0.04141902630950644,1.202722181638309,3.1157495104687563,0.6279775614418943,3.688760176511387,4.12758218400768,1.7235793981689855
Firm 224,2020,4.310982212397773,4.310982215192166,0.0,0.0,0.0,0.0,0.0,0.0,0.0,0.0,0.0,0.0,0.0,0.3176682647683072,13.07651391359735,5.729158671825408,1.4181764564405248
Firm 225,2016,-4.268161734571009,-4.268161734571009,-0.005869881515519999,669.0050340343649,460.55562718500005,0.9989778264345263,0.22885395123253519,-0.024736062049587202,407.39138358973497,0.9494677148504806,0.2466403543753477,0.7701238752019911,0.702827360475133,21.02730177933619,-0.19559011422409447,58.609800450681035,62.87796218515569
Firm 225,2017,-1.4587195375941633,-1.4587195375941633,0.0014432077432831997,714.7492645342724,537.45476742,0.9437575059555122,0.21147027278093042,0.004032317288038399,443.838135329465,0.9133500388533217,0.22901357730027394,0.7322872331745817,0.6843364615530477,16.607007857930956,-0.08463889575640002,47.3660122516185,48.82473178921267
Firm 225,2018,-2.8250349899661313,-2.8250349899661313,0.0006245599779839997,895.9248701957083,689.0456771415766,0.9998064077334293,0.1956098182082199,0.0047155698419712,592.1448315480591,1.0473448943684507,0.21567690155852626,0.8041965895252094,0.8316679928099245,12.972328398430617,-0.20984347853087418,34.11443019027845,36.939465180244575
Firm 225,2019,0.0,0.0,0.0,1026.6710273127835,585.62080839,0.8897522595654779,0.1923740104015753,0.0,658.0915602201703,1.1899091196669453,0.8171658337932183,0.6973782491639027,0.37274328587372707,0.0,0.0,0.0,0.0
Firm 225,2020,0.0,0.0,0.0,1186.5606248084152,581.63282529,0.8752446096256566,0.17387209838388878,0.0,707.0257449481038,0.9621966488423926,0.2755049828027699,0.7013725112417678,0.6866916660396228,0.0,0.0,0.0,0.0
Firm 227,2016,238.58884948699935,277.13220948699933,582.4316224151655,86.7287216235,50.825083172999996,1.0096647573427366,0.43149849373095317,298.1124054229811,86.037192633,1.1012350952618006,0.4848133028488874,0.5781662636117834,0.6164217924129133,178.0093520592252,1.2915074139901985,870.0335984673565,592.9013889803571
Firm 227,2017,260.49720234461074,260.49720234461074,675.4457005571379,116.268669546,59.521519494,0.910137485807949,0.39209694524435607,339.0655572850483,121.1008199055,1.0418798595737,0.4415441935644291,0.5180405405635928,0.600335666009271,186.28315958664325,1.3474698237941376,859.4298686537091,598.9326663090984
Firm 227,2018,226.8036164140022,226.8036164140022,740.592740219392,164.4233894295,78.30956653798499,0.9637111825382843,0.37464449333820143,372.49743303626747,165.0683856405,1.0512089634232213,0.41756138343734717,0.5890666892000828,0.6336475799858741,173.0093449813896,1.2631938230976967,897.846931224264,671.0433148102618
Firm 227,2019,200.95558180982394,200.95558180982394,502.99010239421455,181.9206345195,87.053273634,0.9500252900034118,0.3720072673953045,231.5491770150401,184.126819065,1.0331016803438335,0.4098790852720966,0.5780180226081072,0.6232225950717368,129.74801895606043,1.4924126387487529,688.7091820259863,487.7536002161623
Firm 227,2020,194.80645692632598,194.80645692632598,515.8101928243302,274.9358188965,143.165206713,1.3388291381265252,0.41421921756239255,232.24283085495296,243.14807544900003,1.2793700036253104,0.46826465852486193,0.9246099205641326,0.8111053451004484,149.16440012627527,1.2584261716065546,986.4190003756858,791.6125434494562
Firm 228,2016,35.3914219029634,35.3914219029634,6.114138891581439,0.27485567779500003,0.0,0.0,0.0,6.11333222723584,0.27485567779500003,0.0,0.0,0.0,0.0,12.219932051958683,2.790736293617846,82.79300351865652,47.40158161559674
Firm 228,2017,32.78947992435753,32.78947992435753,7.5009335035903995,0.22476699443265,-1.302525975e-05,0.0,0.0,7.49997829313536,0.22476699443265,0.0,0.0,0.0,0.0,12.466519403425075,2.5344217741121504,78.89327280854015,46.10379288418263
Firm 228,2018,33.55045091066327,33.55045091066327,8.566149984256,50.56971926519775,0.74933121157935,0.0,0.0,8.565409951744,49.6285029879624,0.0,0.0,0.0,0.0,13.79347797217874,2.3437654923223183,70.39226062551735,36.841809714854094
Firm 228,2019,35.58470411266305,35.58470411266305,10.20239069872128,34.65240277582215,-1.0858320645768,0.0,0.0,10.20063512576,34.3498292238432,0.0,0.0,0.0,0.0,17.66817493706056,1.9407127023500548,66.73437303483391,31.149668922170882
Firm 228,2020,32.194929306562145,32.194929306562145,10.9905469371904,47.18729769853455,10.241091216216,0.0,0.0,10.9897474033664,47.186105869520546,1076.1587031567713,557.4773630934336,0.0,518.6813400633375,21.168579612918474,1.4654983625827391,57.50980860869632,25.314879302134173
Firm 229,2016,405.32801287346086,405.32801287346086,213.42948173334528,14.0635901265,24.978390555,1.9075412320393865,0.7151210753935933,184.01332451436542,12.238594258500001,1.6604576313958603,0.9019584941127118,1.1924201566457933,0.7584991372831487,301.84207970695803,1.2939467828204787,1168.181313368484,762.8533004950233
Firm 229,2017,420.86475265457204,420.86475265457204,221.90280568164354,74.65160121150001,78.754910604,1.5985346858157152,0.40754527829138776,195.78258268783617,56.0824713735,1.501060885876502,0.5463047413431185,1.1909894075243275,0.9547561445333834,298.4535768845415,1.3587994020885468,1147.7434196081817,726.8786669536097
Firm 229,2018,449.80390801718306,449.80390801718306,259.8193447501619,97.23175385249999,68.6518910445,0.9567812004359686,0.3523432633734549,223.38346452391937,83.6032044675,0.9254596664637388,0.4293104856075066,0.6044379370625137,0.4961491808562322,268.6083121092988,1.6135906052172573,1196.3033784155766,746.4994703983934
Firm 229,2019,360.23734204738344,480.75571875480466,295.6061947731046,147.315857196,72.504684603,0.8530418242442451,0.3139073740120107,253.86188633216003,130.5597301245,0.8934613022754923,0.396580685903902,0.5391344502322344,0.4968806163715902,276.5336931199603,1.2552500748934265,1259.715782234419,778.960063241513
Firm 229,2020,394.26228101262194,474.6631298546266,357.3452833967411,159.46521448800002,58.765699491,0.7426319360298361,0.32363397022595186,311.27084465913856,131.219998113,0.8104264618149529,0.3993994155833974,0.4189979658038843,0.4110270462315555,335.2371878059007,1.133241894414255,1403.172829032827,928.5096991269376
Firm 230,2016,15.481138852959745,15.481138852959745,0.028967044052582398,197.5823189085,125.929445499,0.8913805244114825,0.30758456447347793,0.03244841513318399,179.30019342600002,0.9699408819455012,0.3871341875201664,0.5837959599380045,0.5828066944253347,9.432894469559193,1.5814210313313792,53.13364143948063,37.65250258661724
Firm 230,2017,31.59525961523405,31.59525961523405,-0.17474535211294717,283.312102539,233.0889678105,1.3001493405419944,0.28533982250999146,-0.4456658022197248,235.6374588135,1.322700223954927,0.3797328003410905,1.014809518032003,0.9429674236138366,13.0793554207702,2.3276901392815654,89.9834416607791,58.388182045545065
Firm 230,2018,29.997939545435237,29.997939545435237,0.0660389717776384,423.17174370757505,294.28074745950005,1.3009696887110922,0.2680043319374425,0.8242563490434048,303.69413233467,1.1939426402597577,0.3547275612870865,1.0329653567736499,0.8392150789726711,14.761486576076186,1.9581723310845682,82.20340009076172,52.20546054532649
Firm 230,2019,27.432565399535516,27.432565399535516,-0.0143997817587712,422.587311618,225.7319880015,0.8898973082134638,0.2599751062508212,-0.0144304180448256,304.3577392155,0.9680647570428375,0.34119876381069775,0.6299222019626426,0.6268659932321398,11.627534573981594,2.2733607825252355,71.4591020424961,44.02653664296059
Firm 230,2020,23.74347574182912,23.74347574182912,0.0040642926667776,446.471216898,230.556335415,0.8236711790066125,0.2549536844870558,0.0039308635522048,304.1161640205,0.9423168907179919,0.35217657030994265,0.5687174945195566,0.5901403204080492,10.98019675922391,2.083645114100102,61.96282541529569,38.219349673466574
Firm 233,2016,11.245136718489599,11.245136718489599,0.0,36.341003796,20.3978899365,0.816313524501099,0.3712492192240889,0.0,33.00903606,0.920355442069105,0.4989518113756942,0.4450643052770101,0.42140363069341075,3.72960296122368,2.905304916476664,114.172193788928,102.9270570704384
Firm 233,2017,12.369639583744,12.369639583744,0.0,32.810298508500004,19.753922571,0.879959122346659,0.43106879361012546,0.0,27.558449226,0.9681964512069168,0.5786756295145388,0.4488903287365335,0.38952082169237817,3.259804672,3.6564113460668044,114.29084085043199,101.921201266688
Firm 233,2018,13.247524349952,13.247524349952,0.0,39.760394058,20.0081704545,0.7959624722100536,0.3992119743824463,0.0,27.3249012975,0.9532002277604531,0.5416249246540098,0.3967504978276073,0.41157530310644336,2.594973146112,4.919165549882419,108.006313240576,94.75878889062399
Firm 233,2019,11.225058855936,11.225058855936,0.0,35.330579079,35.2260769605,0.7193182476771576,0.2917101470049854,0.0,27.992031411,0.8614872571537249,0.4248863251489792,0.42760810067217214,0.4366009320047456,3.30597936674816,3.2717346095470012,127.030305900544,115.805247044608
Firm 233,2020,8.172065674861466,8.172065674861466,-0.006049357418700804,43.148305623,42.4004371665,0.7151783070535923,0.3294355826390453,0.0903090425812992,43.114922568,0.8592018769437955,0.41977398522015447,0.3857427244145471,0.43942789172364105,4.070956344070758,1.9343051277655363,144.35061213760204,136.1785464627406
Firm 234,2016,3114.830729366528,2777.896078336,3408.348891851776,499.53961038767636,1587.611916975,0.9002190701690492,0.2357225580777772,2660.8529226352643,459.0553324882334,0.9014392015864287,0.24219246550423287,0.6644965120912721,0.6592467360821958,1728.141973805056,1.7367792108638935,18095.2162048,15317.320126464
Firm 234,2017,3242.4890675200004,3207.880984576,4205.773241613311,473.0893721497761,1565.7945666675,0.8846475925145298,0.22787104657532525,3467.00637021696,443.68917330091756,0.8864465271224132,0.23136665687755537,0.6567765459392046,0.6550798702448578,1738.535356565504,1.7971510178599415,17147.995788288,13940.114803712
Firm 234,2018,3231.800030208,3199.870710784,3617.072334918656,461.4827758443728,1520.7404465797651,0.8772630812673755,0.2354442351783045,2804.856800202752,441.6067454124877,0.8804953188824235,0.2391046995019008,0.641818846089071,0.6413906193805228,1679.51791694336,1.8541694428455244,17099.861876736,13899.991165952
Firm 234,2019,3127.782100992,3178.6342830080002,3633.996396676096,414.84983265523556,1517.8100976385801,0.8990810672693281,0.2535697999729522,2909.1898474035197,385.5867918924906,0.9025118187754342,0.25850514912533634,0.6455112672963761,0.6440066696500979,1664.109568,1.811107180655472,13661.044496383998,10482.410213376
Firm 234,2020,3419.612187648,3582.910768128,3430.085703017472,609.24545149452,1243.775656768155,0.864481507896989,0.2944961096804832,2620.125427017728,591.262890545565,0.8722914673365143,0.30186836758210905,0.5699853982165057,0.5704230997544052,1680.299702513664,1.9610094468821793,14259.493756928,10676.5829888
Firm 235,2016,15.330774553112166,15.330774553112166,0.0,0.7716149583749999,2.4466012245,0.827929782175323,0.0,0.0,0.0,1.8850689671874281,1.4290047817863465,0.827929782175323,0.45606418540108157,1.1088376964109312,13.322498968786325,96.56386617570426,81.23309162259211
Firm 235,2017,23.57044704959027,23.57044704959027,4.475566082211841,0.0,0.0,0.0,0.0,4.256418510346241,0.0,0.0,0.0,0.0,0.0,7.914007441541427,2.869861548349607,108.75892085910323,85.18847380951296
Firm 235,2018,23.45335204728883,23.45335204728883,4.52434124928,0.0,0.0,0.0,0.0,4.32438679641088,0.0,0.0,0.0,0.0,0.0,8.545103058860136,2.6447047652283513,107.95887858054122,84.50552653315604
Firm 235,2019,27.141896474768075,27.141896474768075,4.70374571234304,0.0,0.0,0.0,0.0,4.52472681778176,0.0,0.0,0.0,0.0,0.0,8.877155013534413,2.9461575395347284,108.88320972834232,81.74131325357425
Firm 235,2020,19.543511570041446,19.543511570041446,4.15884455876608,0.0,0.0,0.0,0.0,3.97919476721664,0.0,0.0,0.0,0.0,0.0,7.423428628315852,2.5368082587707423,104.74802272761087,85.20451115756944
Firm 236,2016,205.3421738964355,205.3421738964355,85.70934252674714,694.4988898015926,240.4485439873125,0.8432244585362334,0.3421778942387822,51.822766649945706,600.5884014097865,0.8339024388708034,0.38771885146103424,0.5010465642974511,0.446183587409769,53.13081853651353,3.724099096192973,301.9417342848062,96.59956038837063
Firm 236,2017,197.9328376500088,197.9328376500088,83.55442128793199,727.7378870939351,356.85409615262154,1.007665891467427,0.3485817693021847,49.03791855837819,633.8646411208173,1.0997799223776816,0.38846117025153915,0.6590841221652424,0.7113187521261424,57.86087509575557,3.2962673848003523,309.68637557121883,111.75353792121007
Firm 236,2018,220.2974137912446,220.2974137912446,110.66200330702327,746.7180253021527,340.50460871097647,0.9730884893417984,0.3404656478220817,75.06964382484,639.8183893789075,0.9586647066236651,0.3848258886689038,0.6326228415197166,0.5738388179547613,79.73971364640674,2.6620996422425476,375.5288691487032,155.23145535755498
Firm 236,2019,263.5547206497983,263.5547206497983,172.8804252998317,0.0,0.0,0.0,0.0,117.41832303667486,0.0,0.0,0.0,0.0,0.0,67.267744350152,3.775317790064139,420.63398583079015,157.0792651809918
Firm 236,2020,254.15656050097394,254.1565605002031,212.01564934127165,0.0,0.0,0.0,0.0,144.3283781264391,0.0,0.0,0.0,0.0,0.0,113.98146739627141,2.1486053898774577,578.5723309501018,324.4157704498987
Firm 238,2016,5.469989200771072,5.469989200771072,0.0,411.34047279834886,88.7599834570536,0.7941579203013028,0.46844598658067693,0.0,340.22682731289973,0.9016215446057391,0.5480923866637921,0.3257119337206258,0.35352915794194695,1.1451929449494527,4.602538024078063,8.65972686221107,3.1897376614399997
Firm 238,2017,5.404418891776,5.404418891776,0.0,380.2753025892645,81.2590131410442,0.7927781266569245,0.5011676513783009,0.0,313.06298644821,0.9024728104505935,0.5711658118315206,0.2916104752786238,0.3313069986190729,1.0934229602546688,4.762668942126643,8.326206005248,2.921787113472
Firm 238,2018,5.999007070846566,5.999007070846566,0.0,345.94841009158756,78.10704892406879,0.7589193641717938,0.4907619595802179,0.0,297.29599870441893,0.905637096673056,0.5839274339739121,0.26815740459157583,0.32170966269914386,1.2639000624044034,4.5735793527519,9.021153385086567,3.02214631424
Firm 238,2019,5.9964253899563005,5.9964253899563005,0.0,355.69313178967667,97.72549564110481,0.8106601074024671,0.4952819748778402,0.0,303.5750502507587,0.937388379384526,0.5784630436060957,0.31537813252462704,0.3589253357784304,1.2476893543123966,4.631008145565167,8.203466076571852,2.207040686615552
Firm 238,2020,0.0,0.0,0.0,395.8843882955932,146.51803371632445,0.909014816673576,0.47934496123290876,0.0,332.6378202414191,0.997353267777301,0.5732968388839015,0.4296698554406672,0.4240564288933995,0.0,0.0,0.0,0.0
Firm 239,2016,4.76963480576,4.76963480576,0.0,512.9140734854999,223.8149014695,1.764286958420373,0.47810729459259527,0.0,448.759764927,2.0536733313049003,0.6408016331158776,1.2861796638277778,1.4128716981890226,2.4708309596999682,1.8600802157795235,15.725610902528,10.955976096768
Firm 239,2017,5.610461094912,5.610461094912,0.0,536.7525533910001,128.3894983815,1.041445416965167,0.3986852480242657,0.0,458.0573981715,0.9949546399444695,0.5527285741039011,0.6427601689409013,0.4422260658405686,2.504460071556505,2.1586091968796284,15.727941812224,10.117480717312
Firm 239,2018,7.137800513536,7.137800513536,0.0,285.974440455,227.189120019,1.051765003383693,0.3727935940961637,0.0,229.5420764265,1.1338400489668043,0.5190724068341501,0.6789714092875292,0.6147676421326541,2.2973465617998845,2.9938323126339808,12.49394095616,5.3561404426240005
Firm 239,2019,6.5432412416,6.5432412416,0.0,328.153997649,253.076506458,0.9161311358066246,0.3334483489003589,0.0,278.73756392399997,1.1131651693642217,0.48165779195286657,0.5826827869062656,0.6315073774113552,1.766980522271027,3.568212829218053,8.467582086144,1.924340844544
Firm 239,2020,0.0,0.0,0.0,463.0022303025,254.27484265950002,1.5352611418379813,0.4799495023823309,0.0,344.0499549855,1.740879314701561,0.739044434882664,1.0553116394556503,1.0018348798188972,0.0,0.0,0.0,0.0
Firm 24,2016,26.94187434679296,26.94187434679296,0.0,64.441993740915,35.72714304324,0.7412428139995445,0.2831544134184014,0.0,60.706433350605,0.7683485283684277,0.31604461953071883,0.4580884005811431,0.4523039088377088,10.104463631281254,2.569236725263793,10592.939715761071,10565.997841414277
Firm 24,2017,29.72905833364009,29.72905833364009,698.5290257292492,64.0136197045353,38.1231071235,0.7036363017475734,0.2754499225164875,698.5290257292492,56.20926927903285,0.7225134571503271,0.30686240207155163,0.428186379231086,0.4156510550787755,8.898331307501875,3.219305278194286,9281.201715254345,9251.472656920703
Firm 24,2018,25.179836958504758,25.179836958504758,629.1321906452788,59.14051097331001,37.5537192255,0.6899622451176183,0.2731411167446192,629.1321906452788,53.857255050855,0.7835328200730032,0.3068809492117831,0.416821128372999,0.47665187086121996,8.017458223619482,3.026256868335806,1413.6262823232512,1388.4464453647463
Firm 24,2019,0.0,0.0,0.0,57.906171610682854,26.150669961705,0.7595537569549354,0.2790060522745531,0.0,46.84864813710945,0.8259856762304801,0.3143116255877677,0.48054770468038244,0.5116740506427125,0.0,0.0,0.0,0.0
Firm 24,2020,0.0,0.0,0.0,39.942813315345,-4.6323543559800004,0.22114472376178357,0.5227455872933316,0.0,31.655181371069997,0.43960768892281565,0.5875788033192596,-0.30160086353154814,-0.14797111439644398,0.0,0.0,0.0,0.0
Firm 240,2016,100.01673422718844,182.88495822718843,995.657433413202,-27.237265668918003,0.0,0.1829034629198184,0.1829034629198184,995.657433413202,-27.237265668918003,0.18290346291981843,0.18290346291981843,0.0,0.0,71.11427640050779,1.355206432683086,208.36039927733822,25.475441050149787
Firm 240,2017,106.4065006015571,160.3672046015571,975.291411247483,-15.33070353838935,0.0,0.07391888432700287,0.07391888432700287,975.291411247483,-15.33070353838935,0.07391888432700289,0.07391888432700289,0.0,0.0,76.73543451959051,1.3361702076434392,197.0764862833477,36.70928168179057
Firm 240,2018,100.35605050201538,145.64449850201538,996.1131142910568,-15.063257727510601,0.0,0.35882911281227486,0.35882911281227486,996.1131142910568,-15.063257727510601,0.358829112812275,0.358829112812275,0.0,0.0,71.200878160896,1.358150167030427,165.3948017286656,19.750303226650214
Firm 240,2019,99.84829264401245,137.42806864401246,961.19608467456,-12.963487169650652,0.0,0.353010742833637,0.353010742833637,961.19608467456,-12.963487169650652,0.353010742833637,0.353010742833637,0.0,0.0,69.29333033203447,1.3884773145996268,162.56349993217026,25.1354312881578
Firm 240,2020,112.05394528599285,112.05394528599285,931.0351389338522,0.0,0.0,0.0,0.0,931.0351389338522,0.0,0.0,0.0,0.0,0.0,72.21205618105435,1.4952266217671581,226.44290035375104,114.38895506775819
Firm 241,2016,25.227860580351997,25.227860580351997,23.238223429631997,123.52779166650001,91.2150577965,1.037869540787282,0.29689182485242643,3.817018318848,106.1425269915,1.1075131213183258,0.3825933869822022,0.7409777159348556,0.7249197343361236,8.747736329113602,2.778908953685979,146.226509329408,120.998648749056
Firm 241,2017,25.222272756736,25.222272756736,33.034939559936,213.069198945,132.8420785785,1.0832670263524846,0.30921114515580345,18.611442842623998,179.770603926,1.108754679964212,0.38403711611760827,0.774055881196681,0.7247175638466037,19.8451527296512,1.2246707698910144,152.942353518592,127.720080761856
Firm 241,2018,26.334918383616,26.334918383616,21.132732647424,248.12744347199998,133.60126054949998,1.0033646563666256,0.31398422004493926,16.528312027136,214.818711438,1.0593609261948993,0.3902697872874308,0.6893804363216863,0.6690911389074685,22.76774016776059,1.11455532296046,151.44219969536,125.10728131174399
Firm 241,2019,32.62206500322099,32.62206500322099,57.09222191616,277.4319097665,132.8630927715,0.9843526916608341,0.31851643782448424,51.317079497728,235.9483802775,1.0164395557914527,0.4063975288178011,0.6658362538363498,0.6100420269736516,32.03536702294579,0.981231145613177,165.174749821653,132.552684818432
Firm 241,2020,51.871973185337644,51.871973181194235,67.598946244608,272.18026398150005,69.997088079,1.3031608203382516,0.3294674365790425,62.917276058624005,237.0550205055,1.3340441788667246,0.37963141852880866,0.9736933837592093,0.954412760337916,40.52121817126553,1.2335019939075873,189.4846167717069,137.61264359051265
Firm 242,2016,431.40810419793917,431.40810419793917,550.0115415754956,269.24951492428767,89.84733920083245,0.7395880651645601,0.3468172616072621,530.1511504104857,31.468434512511447,1.2113001307477291,0.9403134654400388,0.39277080355729793,0.2709866653076902,278.83258075359976,1.4908514118112086,791.2648337818624,359.8567295839232
Firm 242,2017,378.5045240472883,450.7733240472883,496.91744446784514,177.41992886290677,55.50600046986495,0.6295217475013966,0.32873096352456765,477.7128034060493,-10.39629536881905,0.969198961368289,0.7092078606097513,0.3007907839768289,0.25999110075853765,249.61886829007054,1.4611111163109554,736.9635202112819,286.19019616399356
Firm 242,2018,320.3250449884036,387.77592498840363,492.7605451057357,175.08734521690408,58.84303604948985,0.7129524811433728,0.3842781626559917,471.60515104397314,18.71191056458175,1.2744085264838447,1.1904408836945717,0.3286743184873813,0.08396764278927299,220.29768755104777,1.40110453078897,682.5203945862247,294.744469597821
Firm 242,2019,289.87526318814207,289.87526318814207,511.84155635534853,115.05583291632315,31.624235791046853,0.5017111812613138,0.3174050084184076,488.5668622445363,-9.56423800702605,0.811488961963836,0.6730779266309542,0.1843061728429062,0.13841103533288182,204.29613196293744,1.3672268922573416,644.743931617792,354.8686684296499
Firm 242,2020,0.0,0.0,0.0,178.09823877648554,90.79929527253928,0.8443438414217725,0.3310830500466903,0.0,13.49137016600235,1.2414943784797254,0.5114655960376464,0.5132607913750822,0.730028782442079,0.0,0.0,0.0,0.0
Firm 243,2016,158.85731114674175,158.85731114674175,246.9820384117248,798.709976592,401.889781551,1.309612507759756,0.30216490033180715,239.7954530181939,456.029895789,1.030168778007857,0.319020956135455,1.0074476074279488,0.7111478218724019,30.050193785532517,5.0938893904144384,530.5899137018674,371.73260255512577
Firm 243,2017,69.74645334590464,113.10773334590463,201.0359035913933,758.1922452915,284.3768989485,0.9786803260996765,0.29270433443449867,195.05423411362818,389.2701604665,1.0074319967234273,0.3726549680502272,0.6859759916651778,0.6347770286732,32.09996471328092,2.0936648093277928,272.6817434037453,159.57401005784064
Firm 243,2018,89.72971041499761,118.6372304149976,163.15578080973825,636.825392631,96.128349708,0.6022517888774931,0.3234187512844546,158.03234516115458,329.4529865535,0.9123068069725344,0.3469287336793547,0.27883303759303846,0.5653780732931798,55.09759654102569,1.5692538097582047,222.68964405518335,104.05241364018575
Firm 243,2019,130.5796394953421,130.5796394953421,127.62474833791998,639.7965110279999,209.2265878335,0.9202526671565711,0.3131510471440536,123.82869803088894,320.658029994,0.9459796641406303,0.33949785937779475,0.6071016200125174,0.6064818047628355,81.77051643294371,1.5387508460541843,232.76381044794368,102.1841709526016
Firm 243,2020,0.0,0.0,0.0,657.4210556355,185.43400276650002,0.8596719492661103,0.32187028123844685,0.0,297.96256620450004,0.8715675168663051,0.35578563364011884,0.5378016680276634,0.5157818832261863,0.0,0.0,0.0,0.0
Firm 244,2016,29.902413734912,29.902413734912,3.989270521856,15.868895046359999,73.8202524015,0.9528435441496381,0.26322656386930937,3.989270521856,15.571984621859999,0.9497903137176006,0.26980485950579275,0.6896169802803288,0.6799854542118079,14.84104368128,1.94147312379963,32.529679471616,2.627265736704
Firm 244,2017,22.611464071168,22.611464071168,2.3228637696,15.642605598064202,76.2337952205,0.9538230737219905,0.2604623896385365,2.3228637696,14.838856907899201,0.9585862142481297,0.2680379725861964,0.6933606840834541,0.6905482416619333,11.12612865024,1.958277284083207,24.974335848448,2.36287177728
Firm 244,2018,19.11879294464,19.11879294464,1.6512428308479998,13.06957637547,72.668535111,0.9241451610804069,0.2714434626376702,1.6512428308479998,12.209412518234998,0.9258409211479581,0.27926452285177744,0.6527016984427366,0.6465763982961806,10.119646854144,1.8204748887283493,20.604889040895998,1.4860960962560001
Firm 244,2019,15.86576226816,15.86576226816,1.395209889792,16.742721958205397,79.9616498325,0.9927978144075129,0.2823435405836853,1.395209889792,15.258416039285402,0.9908611158617741,0.29219127974125747,0.7104542738238274,0.6986698361205167,10.654236512256,1.434921653167384,16.958137942016,1.09237663744
Firm 244,2020,14.318989287424001,14.318989287424001,2.3184977704959997,15.477716528457751,64.32776793449999,0.9491136599761998,0.30727367652054105,2.3184977704959997,15.477716528457751,0.9491136599761998,0.30727367652054105,0.6418399834556586,0.6418399834556586,10.39629085696,1.3271607310116886,15.318078467072,0.999089179648
Firm 245,2016,42.75825644625306,42.75825644625306,0.07446709163008,300.65660985890355,137.88899590239,0.9103698987199461,0.22148017221534647,0.07446709163008,227.11946611866466,0.9003491364175169,0.21111186808225524,0.6888897265045999,0.6892372683352617,15.22926332956805,2.705394928690546,136.47477939971074,93.71652295345767
Firm 245,2017,50.05268203721349,50.05268203721349,0.02703897645056,361.1052974142012,158.6231666763534,0.8481942689360389,0.19143269901111487,0.02703897645056,253.41965661490454,0.8220502492127686,0.18055432818919914,0.656761569924924,0.6414959210235694,17.595171671847837,2.741090821257173,137.83705623353345,87.78437419631994
Firm 245,2018,50.66841599971318,50.66841599971318,0.02063013108736,396.2900627552624,172.2778471096413,0.8336728918107045,0.18437240223189008,0.02063013108736,272.2459276656579,0.8093528238004671,0.17207481194594212,0.6493004895788144,0.6372780118545252,15.3007314835754,3.190911167552811,130.30658045861887,79.6381644589057
Firm 245,2019,47.33091368206336,47.33091368206336,-0.0121935773696,244.65740142965188,84.2628626103381,0.7535190914340949,0.1872492293313713,-0.0121935773696,217.59964063828696,0.7632880052784842,0.19128828963565658,0.5662698621027237,0.5719997156428274,15.394382315542527,2.9625944188336244,124.6681061267456,77.33719244468223
Firm 245,2020,47.4647570028544,47.464756752322565,0.01139812914176,229.27766390789955,63.95073953632216,0.6277667249721571,0.1902238238803697,0.01139812914176,199.75738995181516,0.644070605322984,0.1940730997883923,0.43754290109178756,0.44999750553459167,14.833267726256333,3.0833583844024317,122.8861177627648,75.4213607599104
Firm 246,2016,102.10880886314618,102.10880886314618,96.04420511357571,79.692134553795,-3.2268806319445495,-0.6166134671948933,-0.5381541566566563,45.78101709530306,50.9382482427333,-0.8966053944139997,-0.6573486867705164,-0.07845931053823699,-0.2392567076434833,69.47522598976501,1.4161942343891127,117.13706241368699,15.028253550540798
Firm 246,2017,119.97124925381438,119.97124925381438,121.71537349143296,59.40754811161215,12.864835902707101,0.8742624164490278,0.4884330828268661,54.23522070102087,40.6785264411915,1.032852405144789,0.552452631463403,0.3858293336221619,0.4803997736813858,89.94895682225224,1.285199743554879,142.9009690280405,22.929719774322486
Firm 246,2018,141.43670180511458,141.43670180511458,237.7503072632926,64.97402655852106,13.0268191511532,0.6814625987358335,0.30301029334223073,110.38553723259453,34.4312732543379,1.284003917966613,0.5835173770737778,0.3784523053936028,0.700486540892835,109.25084875911413,1.2474607238308526,228.94689519317308,87.51019338805852
Firm 246,2019,231.62305482581505,231.62305482581505,227.0919350807887,35.175032059706105,11.0430884015055,1.0328173723864515,0.40900396003353934,95.87612478989344,20.3394076857426,0.8179633241907404,0.3779549185836971,0.6238134123529124,0.44000840560704313,117.68738781054752,1.896450195840572,338.54131871153896,106.91826388582032
Firm 246,2020,412.45097790830226,412.45097778188,510.49961319298706,32.92694612172015,5.0279835002193,0.7345269127796276,0.44025539568722605,173.63298252233758,19.06510902814005,0.7626311302811926,0.5479054738928457,0.2942715170924014,0.21472565638834676,271.3334687950383,1.4647332850670467,618.2645890635265,205.8136112753832
Firm 247,2016,184.6263199329792,184.6263199329792,13589.808932677643,21.11764480638,10.356498459074999,0.5854060498984376,0.21099539233253384,13377.534020280207,21.160798552484998,0.5857131029016451,0.21125080083111028,0.3744106575659037,0.37446230207053477,66.3422693329408,2.6815930424913277,116475.43212860097,116290.80580866798
Firm 247,2017,181.988498567168,181.988498567168,24202.653435618762,22.3490977935,2.1796295414999998,0.32147752101587357,0.25240136182708467,24031.377271974634,22.338874647,0.3218014705831031,0.25267682868561236,0.0690761591887889,0.06912464189749072,28.699002474833918,6.110358907321598,107000.68939076607,106818.70089219892
Firm 247,2018,134.763122424832,134.763122424832,22694.940614043655,5.4610844655,0.7909957289999999,0.2907548440553137,0.2640257168707829,22475.77394465623,5.459989365,0.29094162068873947,0.26364160030146977,0.026729127184530816,0.02730002038726972,14.423490078218238,9.003062910183706,68442.01274514841,68307.2496227236
Firm 247,2019,103.168190738432,103.168190738432,10624.480076447908,11.089729719000001,-0.5602986584999999,0.26280205097362447,0.28213437442670103,10624.480076447908,11.304089253,0.26254551417312494,0.2835774134319283,-0.0193323234530766,-0.021031899258803433,10.398541789184,9.560111400225695,74914.20897311743,74811.04078237902
Firm 247,2020,86.799780658176,86.799780658176,9961.520679489782,13.9125968745,2.887067304,0.366671219786168,0.26535246768403714,9961.520679489782,14.5455933585,0.3674234714657684,0.26999842847100625,0.10131875210213084,0.09742504299476222,10.10673530070016,8.275558561421278,73874.50298570957,73787.7032050514
Firm 248,2016,17.627603049755958,17.627603049755958,9.253071233564263,35.230630572,-5.5990273754999995,63.04174151196443,-2.827618920731277,0.0,22.9085587995,43.10538324609693,-3.6150958622867972,65.8693604326957,46.72047910838372,6.679932802413977,2.5427914860098295,35.05396307389624,17.42636002414029
Firm 248,2017,18.257542641185175,18.257542641185175,9.370840382550835,0.0,0.0,0.0,0.0,0.0,0.0,0.0,0.0,0.0,0.0,6.3067961052813315,2.7894791070907803,34.963089721546446,16.70554708036127
Firm 248,2018,17.549742097238834,17.549742097238834,9.495650607392665,0.0,0.0,0.0,0.0,0.0,0.0,0.0,0.0,0.0,0.0,5.491952664141722,3.079169053921292,33.41463090338683,15.864888806147993
Firm 248,2019,17.641185058876417,17.641185058876417,9.780046504443494,0.0,0.0,0.0,0.0,0.0,0.0,0.0,0.0,0.0,0.0,6.679846719577395,2.54478349240442,32.82810576175186,15.186920702875444
Firm 248,2020,18.934760624088476,18.934760927232002,9.263164203209934,0.0,0.0,0.0,0.0,0.0,0.0,0.0,0.0,0.0,0.0,6.532022918774374,2.793197851275311,33.644792739990734,14.710032115902258
Firm 249,2016,0.0,0.0,0.0,0.0,0.0,0.0,0.0,0.0,0.0,0.0,0.0,0.0,0.0,0.0,0.0,0.0,0.0
Firm 249,2017,0.0,0.0,0.0,58.837391186999994,112.4186303025,1.7683313165722372,0.2622563050243379,0.0,41.4929973285,1.7375846539271822,0.42286670357443573,1.5060750115478991,1.3147179503527464,0.0,0.0,0.0,0.0
Firm 249,2018,0.0,0.0,0.0,101.3888973255,109.414319097,1.0735722069677585,0.24071185764927067,0.0,73.92908949000001,1.1135636199767232,0.3389923060231382,0.8328603493184878,0.774571313953585,0.0,0.0,0.0,0.0
Firm 249,2019,89.61523579275796,89.61523579275796,0.0,124.1359747065,123.31303176300001,0.9139030717764984,0.24140209989987282,0.0,105.82297439400001,1.034961034159309,0.32404938693685414,0.6725009718766256,0.7109116472224546,42.1349300868565,2.0494114310412805,186.86857545847153,97.25333966571355
Firm 249,2020,2.9826841250551808,2.9826841250551808,0.0,129.70156791600002,165.19088356350002,0.9691748116758394,0.23128631259577864,0.0,124.398775164,1.0575356631264978,0.31681743414759767,0.7378884990800609,0.7407182289789003,0.4166218591533056,6.898501931219102,5.675634174015386,2.692950049056563
Firm 25,2016,13.465291368329522,13.465291368329522,5077.284187772928,3669.061283103982,1222.4472109762528,0.9941557788493203,0.4692172624063867,5077.284187772928,1384.4160975755951,0.906389670363579,0.5073957362708015,0.5249385164429337,0.3989939340927775,6.235738261529395,2.0807382820904614,35801.11129516332,35787.646003794995
Firm 25,2017,14.198629532350362,14.198629532350362,2984.6489026059267,5191.832719188238,1572.785478681684,0.8967888259963585,0.4133346013895547,2984.6489026059267,2566.393398313891,0.8975850410936517,0.46434036889904556,0.4834542246068037,0.43324467219460616,6.346756221294796,2.15567949394299,35944.34953870714,35930.15090917479
Firm 25,2018,14.354579486882713,14.354579486882713,5856.24480815871,5126.101611387073,1508.7062140486457,0.8594170993925585,0.39397527351920214,5856.24480815871,2569.8246032859925,0.8776421875074231,0.4373798188177895,0.4654418258733563,0.4402623686896336,5.771450895269785,2.396597211218553,28904.43287752497,28890.07829803809
Firm 25,2019,14.970392075427839,14.970392075427839,3959.706385982198,0.0,0.0,0.0,0.0,3959.706385982198,0.0,0.0,0.0,0.0,0.0,4.245324235277722,3.3979101425842884,32020.184846014938,32005.214453939505
Firm 25,2020,15.280390036472935,15.280390037629235,4914.195759191461,0.0,0.0,0.0,0.0,4914.195759191461,0.0,0.0,0.0,0.0,0.0,4.546745470811443,3.238346955515195,32226.173617341716,32210.89322730524
Firm 250,2016,46.89102615583724,46.89102615583724,35.8364598272,1.12480835465625,0.0,0.0,0.0,35.813285632,1.12480835465625,0.0,0.0,0.0,0.0,11.168301197322444,4.045686246192824,52.906001569792,6.014975413954764
Firm 250,2017,42.58780998038937,42.58780998038937,39.819896811519996,1.00746187792245,0.0,0.0,0.0,39.79568676352,1.00746187792245,0.0,0.0,0.0,0.0,11.101649942976001,3.696471470721119,50.696838785024,8.109028804634624
Firm 250,2018,37.73050941303266,37.73050941303266,43.050859651041286,0.8357080353876,0.0,0.0,0.0,43.02151851824128,0.8357080353876,0.0,0.0,0.0,0.0,9.677404513630004,3.756845663632417,44.06759989730304,6.337090484270387
Firm 250,2019,34.34268503006802,34.34268503006802,45.130856438476805,0.63008155353435,0.0,0.0,0.0,45.1015153056768,0.63008155353435,0.0,0.0,0.0,0.0,10.883635805194857,3.0405337337930702,40.620802779136,6.278117749067981
Firm 250,2020,42.5209942740524,42.5209942740524,43.72775636636671,0.6122210257485001,0.0,0.0,0.0,43.69223480579072,0.6122210257485001,0.0,0.0,0.0,0.0,11.169635423522612,3.668208333844332,46.88494388084736,4.363949606794957
Firm 252,2016,16.405292311535103,32.099184919535105,35.18307234523136,6.9842907015,7.202913905655,0.8907764231910869,0.3554071090905769,29.153717195919356,5.5511780145,0.930310662873514,0.41212953625277027,0.53536931410051,0.5181811266207439,11.974638560135167,1.3201130963020735,52.04221990910311,19.943034989567998
Firm 252,2017,0.0,0.0,0.0,9.4710585465,9.585953793435,0.9764589215083807,0.35707499757097727,0.0,7.162480684499999,0.9961303549520947,0.418654437719792,0.6193839239374033,0.5774759172323027,0.0,0.0,0.0,0.0
Firm 252,2018,0.0,0.0,0.0,0.0,0.0,0.0,0.0,0.0,0.0,0.0,0.0,0.0,0.0,0.0,0.0,0.0,0.0
Firm 252,2019,0.0,0.0,0.0,0.0,0.0,0.0,0.0,0.0,0.0,0.0,0.0,0.0,0.0,0.0,0.0,0.0,0.0
Firm 252,2020,0.0,0.0,0.0,0.0,0.0,0.0,0.0,0.0,0.0,0.0,0.0,0.0,0.0,0.0,0.0,0.0,0.0
Firm 253,2016,16.32686762287104,16.32686762287104,0.0,118.85630860157025,70.35813173738414,1.044660841710193,0.32861510794745935,0.0,37.9825480163232,1.0849180986470177,0.43224853451836937,0.7160457337627334,0.6526695641286484,10.64892400386048,1.4773613189288648,35.68953577652224,19.36266814401536
Firm 253,2017,20.785590449479677,20.785590449479677,49.93240934754304,139.1197408800615,102.85210137381225,1.396966139152242,0.36087657937395456,33.175164736102396,39.5766371347317,1.047889067470394,0.45254976154666954,1.0360895597782875,0.5953393059237244,9.690056275384322,2.0669294190324052,48.930160816855036,28.14457036737536
Firm 253,2018,19.009777618268156,19.009777618268156,66.19480257248257,130.6580030272167,51.7500183303411,0.867837639729636,0.3787239285166456,46.32552436859904,51.2312282247078,0.965087443329832,0.4180035415986562,0.4891137112129906,0.5470839017311759,13.65017673351168,1.3419253035421244,39.72821772959744,20.71844011132928
Firm 253,2019,22.1163429582336,22.11634294859776,66.8865930202624,161.75866892047384,57.72741372181455,0.8308736774293255,0.36223414052418434,49.96938102495232,66.4494087388611,0.8958727437180082,0.4012419388226284,0.4686395369051414,0.4946308048953799,13.77551324567552,1.5470170753715191,38.40757403604992,16.29123204140032
Firm 253,2020,22.73489302426624,22.73489302426624,46.90803204726784,238.52099096110695,89.8566484200888,0.9121666672589948,0.34861933060345185,36.38624242023424,91.33323010688295,0.8526448892558358,0.3515768723609353,0.5635473366555429,0.5010680168949003,12.79433491488768,1.7122405584680507,45.942511542138874,23.20761851787264
Firm 255,2016,329.9523048299315,329.95230482800434,14.296439494656,7.4374067796234,4.6941156196914,0.9637959003707726,0.6191610238468942,13.966396557312,7.4374067796234,1.0759136465950103,0.6911876204706191,0.3446348765238783,0.3847260261243912,210.55617501696,1.5099854548157297,420.31745517117236,90.365150343168
Firm 255,2017,310.41199061429757,310.41199061429757,7.419801079808,10.007346594036601,4.35246166594575,0.7174202989556878,0.4971511550322818,7.280765544448,9.3903613652706,0.8264590541334522,0.5737467143645559,0.22026914392340607,0.25271233976889607,278.28523019946226,1.0748253773644407,433.9004334615296,123.48844284723201
Firm 255,2018,0.0,0.0,0.0,10.2713099161362,2.424782307735,0.6786403408693966,0.551483532374119,0.0,9.66260394406725,0.7669838868921239,0.6242611988523455,0.1271568084952775,0.14272268803977836,0.0,0.0,0.0,0.0
Firm 255,2019,0.0,0.0,0.0,13.182938628885749,5.939405144271,0.8410908981779681,0.5543641562489133,0.0,12.7412869594158,0.9711348501890504,0.6352326151260871,0.2867267419290548,0.33590223506296346,0.0,0.0,0.0,0.0
Firm 255,2020,0.0,0.0,0.0,15.52316368211205,4.33567745432625,0.7974923386346112,0.5668542703966007,0.0,15.162193335642598,0.8576757505072259,0.6096323917315204,0.23063806823801053,0.24804335877570555,0.0,0.0,0.0,0.0
Firm 256,2016,-2.5714868570392575,-2.5714868570392575,0.0,1.3251,1.2435874199999999,0.9180161554474621,0.05938371198652245,0.0,1.3251,0.9180161554474621,0.05938371198652245,0.8586324434609396,0.8586324434609396,37.41196159418522,-0.06623131977229542,134.8444860556809,137.41597291272018
Firm 256,2017,4.031905113440666,4.031905113440666,0.0,1.3251,1.353618045,0.9619727442137087,0.06747700153640283,0.0,1.3251,0.9619727442137087,0.06747700153640283,0.8944957426773058,0.8944957426773058,32.99754552458056,0.11773843160351227,118.87960206671052,114.84769695326986
Firm 256,2018,5.834210403045581,5.834210403045581,0.0,1.3251,1.3740974655,0.9425098569093466,0.06548365489743542,0.0,1.3251,0.9425098569093466,0.06548365489743542,0.8770262020119112,0.8770262020119112,29.66234247541893,0.18952487658946682,115.16550018705634,109.33128978401075
Firm 256,2019,9.67461689421824,9.674616896627201,0.0,1.372425,1.385117565,0.9305313278706357,0.05451114190448965,0.0,1.372425,0.9305313278706357,0.05451114190448965,0.8760201859661462,0.8760201859661462,28.104260228221236,0.33170437398801483,114.28103373337599,104.6064168367488
Firm 256,2020,12.838281332813414,12.838281332813414,0.0,1.4670750000000001,1.250417364,0.8367535911209331,0.07676375092080025,0.0,1.4670750000000001,0.8367535911209331,0.07676375092080025,0.7599898402001327,0.7599898402001327,6.993134363721728,1.7689868142636394,113.37113514749778,100.53285381025188
Firm 26,2016,3799.2807010572906,3799.2807010572906,45309.81975951609,359.9414420025,157.83689185499998,0.8295019853275966,0.325036305911992,45309.83870165037,357.307333449,0.9093731289319629,0.35331745271103876,0.5044656794156045,0.556055676220924,2459.214889142979,1.4886564452785165,48893.48045742606,45094.19975636877
Firm 26,2017,3707.503601404539,3707.503601404539,7239.360829410858,429.356916243,285.7115680635,1.017687670983813,0.28531631287688314,7239.360829410858,394.6101241665,1.0280867893197843,0.3139033490283459,0.7323713581069297,0.7141834402914383,2615.4571237460787,1.365914630303313,53716.25706367594,50008.75346228103
Firm 26,2018,4168.18245940269,4168.18245940269,7616.755562593403,671.8504992465,238.686134367,0.87959672973966,0.3052766299344007,7616.755562593403,528.0094839615,1.0277334653915808,0.33881299516978264,0.5743200998052593,0.6889204702217981,2647.668242279844,1.5169551316227825,52868.429048567756,48700.24658915543
Firm 26,2019,4678.537314598482,4678.537314598482,10450.175546863165,666.9373180755,299.056427736,0.9414019876167027,0.30825801837107397,10450.175546863165,500.04887351100007,0.9618119449065724,0.32942670343316927,0.6331439692456287,0.6323852414734031,2719.948271039826,1.657444646190499,60594.71016544608,55916.172850857234
Firm 26,2020,4014.9504818459245,4014.9504818459245,10489.248083067823,694.3622218305,313.61329485600004,0.9486898468870252,0.28167584671843693,10489.248083067823,556.0322917665001,1.050611926226436,0.3205118161294609,0.6670140001685883,0.7301001100969752,2369.903562113792,1.63244703579768,66455.36685673843,62440.416374892506
Firm 260,2016,123.06074777223486,123.06074777223486,208.78309864867842,552.8939249265,235.7896616925,0.9606605530839547,0.24771793159667507,152.2974589310976,398.223852648,0.973150875828195,0.500801724316939,0.7129426214872796,0.472349151511256,75.27063094596033,1.5753736363189756,457.69067285201794,334.6299250797831
Firm 260,2017,126.24541508829593,135.88125508829597,244.71160650630955,638.2291713899999,347.883373689,1.0273305377966955,0.22457109885650556,173.1747454094371,402.1618577085,1.027799346229373,0.48312394613628884,0.8027594389401901,0.5446754000930843,80.18296536746661,1.5171309952799275,545.0855064636967,409.20425137540064
Firm 260,2018,149.6245561978255,149.6245561978255,264.5395610755076,754.857880071,293.11229226300003,0.8524553504967195,0.19039120412929822,183.77844696588727,438.84413154450004,1.0459612202819808,0.6683928982368482,0.6620641463674213,0.3775683220451325,87.90802552986254,1.6400758348320388,592.2610486602848,442.636492462363
Firm 260,2019,107.83295233174702,127.10463233174703,145.75761708742738,760.4630691615,327.636985275,1.0547280692205678,0.23196771156201337,142.70882279281815,428.63707649099996,0.9718217532261245,0.39194729214211727,0.8227603576585544,0.5798744610840074,80.61182455658096,1.2889685615129953,420.9750486988427,293.87041636709574
Firm 260,2020,102.20779440477327,135.9332344144091,144.60196879673742,777.4841452455,230.7134856495,1.0327272307713287,0.2214738067681839,141.25951160238836,472.2974490255,1.126829239339683,0.2971196537413881,0.8112534240031448,0.8297095855982949,73.66704613709814,1.336904362643263,420.86532225335674,284.9320878484871
Firm 262,2016,174.96462755934743,158.0572464878814,0.0,57.17928700722,3.155354177145,0.0,0.0,0.0,11.94755022207,-0.04421474852445417,0.0,0.0,-0.04421474852445417,79.70670473440697,2.115168557575178,728.5889090728554,570.5316625849739
Firm 262,2017,135.72837312181576,113.06492287913748,263.8187888494159,0.0,0.0,0.0,0.0,37.02314844955474,0.0,0.0,0.0,0.0,0.0,89.04182732404193,1.4688118226758207,573.4297373999751,460.364814520934
Firm 262,2018,203.46632680964854,155.38815302812182,224.3256591132114,0.0,0.0,0.0,0.0,27.989459409767935,0.0,0.0,0.0,0.0,0.0,108.83348548393492,1.8014391083844195,548.323706158914,392.9355531307922
Firm 262,2019,202.71806589956273,153.13712820716833,225.38185125729177,0.0,0.0,0.0,0.0,24.87371952328735,0.0,0.0,0.0,0.0,0.0,111.6622191129384,1.7493462548348235,727.1895369972,574.0524087900316
Firm 262,2020,194.9556941350735,152.6539697848323,154.1650878414978,0.0,0.0,0.0,0.0,12.757820741187379,0.0,0.0,0.0,0.0,0.0,88.80485680751924,2.1153819096248414,986.4665349237288,833.8125651388002
Firm 263,2016,167.62249353130088,181.83358676261992,35.832514615592956,5.675523846240001,6.072228962025,0.7295951152468251,0.3045024205994942,25.649869169500157,1.9315067813100002,0.897570742769848,0.31014342790506805,0.42509269464733074,0.5874273148647801,96.83397424249804,1.6679926035296255,1725.0928515626304,1543.2592648000102
Firm 263,2017,171.78806277571746,186.17367992937707,59.279059664128,11.067924252000001,9.272179890779999,0.8091925947859923,0.2988364862561818,48.7755909969408,3.41179176,0.7327713235257284,0.2846522025620063,0.5103561085298105,0.44811912096372225,87.08311829485906,1.9008532528795437,1753.4547531830328,1567.2810732536557
Firm 263,2018,158.70991102303137,173.94210583269344,57.941115089664,12.0960002475,5.929373816218201,0.590482767452428,0.28036367056982736,47.06168628893696,3.1233392595,0.4339206145909362,0.29303992121574385,0.31011909688260075,0.14088069337519243,77.24681645594623,1.9797622467772849,1548.6601962700727,1374.7180904373793
Firm 263,2019,155.40695854477977,176.13054579759105,55.39322992321536,17.7461452485,7.140797141086799,0.5809042953397517,0.25007166188517943,44.307273456097285,4.3404928275,0.6423611984281484,0.2887981514526339,0.3308326334545723,0.35356304697551455,74.01418524781567,2.0232291720975537,1635.1216140411611,1458.9910682517607
Firm 263,2020,147.1216110640725,164.90476025478145,52.25222759428095,25.8293764005,14.666752192230001,0.6841048684185248,0.20420902868257318,40.88962376143872,3.5298875114999997,0.45261453313410266,0.2345350643631726,0.47989583973595173,0.2180794687709301,73.00904041835275,1.9417325534376852,1544.7564280885538,1379.8516678277017
Firm 265,2016,142.51180872510096,142.51180872510096,59.143016779776,0.0,0.0,0.0,0.0,59.143016779776,0.0,0.0,0.0,0.0,0.0,83.9865318401444,1.6350490452438189,562.1493034443246,419.6374947192237
Firm 265,2017,149.1950840674363,149.1950840674363,28.2461970279936,0.0,0.0,0.0,0.0,28.2461970279936,0.0,0.0,0.0,0.0,0.0,73.88745845054352,1.9456887393448985,561.158929560505,411.9638454930687
Firm 265,2018,138.65728712388702,138.65728712388702,45.72757585375231,0.0,0.0,0.0,0.0,45.72757585375231,0.0,0.0,0.0,0.0,0.0,75.58647020389795,1.7676171806352383,569.2548110432153,430.59752391932835
Firm 265,2019,147.6003861353729,147.6003861353729,40.12919967284224,0.31310716836780006,0.197640586395,0.0,0.0,40.12919967284224,0.31310716836780006,0.0,0.0,0.0,0.0,87.36721634462658,1.6279031932624297,639.9413600366286,492.3409739012556
Firm 265,2020,143.79109536908615,143.79109521895978,22.005754966415356,0.29685212028929997,0.025268473875000003,0.0,0.0,22.005754966415356,0.29685212028929997,0.0,0.0,0.0,0.0,78.72509261101435,1.759982671912925,663.5789409037214,519.7878455346353
Firm 266,2016,443.34144071297027,443.34144071297027,1174.3403133409279,112.64580450000001,17.050251,0.8209760092808654,0.21815282302715316,914.887458495488,1.1253885000000001,0.0,0.0,0.6028231862537123,0.0,411.7713010889421,1.0374611287339153,1888.7276368385228,1445.3861961255527
Firm 266,2017,590.9333997463245,590.9333997463245,1166.6360916247245,95.488599,17.7837885,0.8525076673603827,0.26966195092094913,898.9088077461607,0.952179,0.0,0.0,0.5828457164394337,0.0,378.1639575103693,1.5057330497858166,2052.82031540137,1461.8869156550452
Firm 266,2018,591.4723531391181,591.4723531391181,1134.8790069050472,106.4159415,25.592413500000003,0.8981908785136542,0.21501601665732362,856.9479552891391,0.990039,0.0,0.0,0.6831748618563306,0.0,366.784738678978,1.5538631677530843,1994.4883422733926,1403.0159891342744
Firm 266,2019,568.2155530337177,568.2155530337177,1153.9719889128653,50.6292315,34.1934359955,1.2234884971838016,0.2720271282683685,898.1851897719705,-4.0936125,0.0,0.0,0.951461368915433,0.0,361.87272836049186,1.5130275716964439,1965.802610094326,1397.587057060608
Firm 266,2020,645.5034935203329,645.5034935203329,1181.606843139725,59.8499294385,21.9843555,0.933971119133574,0.28871986440081004,899.3873082045005,-0.7863143400000001,0.0,0.0,0.6452512547327639,0.0,362.00329273231665,1.7182076814981677,2025.6569824902963,1380.1534889699635
Firm 267,2016,378.04857204349094,376.0203660152358,470.023973471793,-0.838345338,1.5439696065,0.8337593388185054,0.5269507757302495,407.8908769925037,-0.6019787325,0.8453627706148412,0.5342843516214375,0.3068085630882559,0.31107841899340377,295.6754982006779,1.2320315936246893,1224.330241216426,848.3098752011903
Firm 267,2017,372.64535526168373,370.60630039640597,523.6761679249383,-1.3241061749999998,2.0014442910000003,0.8246929450188906,0.5141251384908732,472.0887670934532,-1.075481448,0.8420469465046552,0.5249438662017488,0.3105678065280175,0.3171030803029064,309.77530124317786,1.159146970605624,1241.4321620878363,870.8258616913341
Firm 267,2018,435.4909416910468,433.4184424738213,519.0156334541832,-2.158770091785,3.675289788,0.8671508861645091,0.5462982074784993,457.99374668585614,-2.158770091785,0.8756207755477895,0.5516341708747813,0.3208526786860098,0.32398660467300827,318.8210353544063,1.316199550923471,1304.3045516115628,870.8861091377418
Firm 267,2019,0.0,0.0,0.0,-2.8336458975000003,4.7439488734649995,0.8732353635087786,0.5474946683042755,0.0,-2.8336458975000003,0.8732353635087786,0.5474946683042755,0.32574069520450305,0.32574069520450305,0.0,0.0,0.0,0.0
Firm 267,2020,0.0,0.0,0.0,-2.1025636185,4.1803942455,0.9050336030713296,0.5309174032018642,0.0,-2.1025636185,0.9050336030713296,0.5309174032018642,0.3741161998694654,0.3741161998694654,0.0,0.0,0.0,0.0
Firm 268,2016,369.0027800071812,369.0027800071812,141.26165186564097,14.976858147854701,10.291488920565001,0.777008174705845,0.27739334043404834,121.8165488213504,5.753677339386,1.029790700588117,0.3635445842185879,0.49961483427179676,0.6662461163695292,93.37099327065057,3.808090310657592,640.1189277851524,271.1161477779712
Firm 268,2017,383.34837923932685,383.34837923932685,152.82244433549312,14.5913285447874,11.426704021425,0.8193530768894981,0.2879779199560782,142.53848347604992,6.332561392285349,1.2479831681065972,0.6080564581183763,0.53137515693342,0.639926709988221,102.74602334341375,3.5951597214261053,706.8012096792967,323.4528304399699
Firm 268,2018,366.9874339401554,366.9874339401554,152.40026571231232,14.605826734965,13.086399381285,0.8548120603448168,0.2858587903474146,139.73790824379392,6.12785583657,1.262416355909432,0.621983874879937,0.5689532699974023,0.6404324810294949,113.25469281128152,3.1223714511772145,658.5044365620319,291.51700262187643
Firm 268,2019,0.0,0.0,0.0,17.34333635799645,14.533633630590002,0.9055444641710468,0.28589498893315823,0.0,7.7052454223600995,1.1564757554855405,0.4317842167118867,0.6196494752378886,0.7246915387736537,0.0,0.0,0.0,0.0
Firm 268,2020,0.0,0.0,0.0,23.70780480933,17.35844113002,1.0040565609068588,0.2771414299145972,0.0,12.94403151753,0.8928312752944674,0.33759904342718494,0.7269151309922616,0.5552322318672824,0.0,0.0,0.0,0.0
Firm 27,2016,31.31699065326797,31.31699065326797,0.0088252170586112,2.1372140369999997,0.039446334,0.0,0.0,0.0088252170586112,0.135684561,0.0,0.0,0.0,0.0,13.010998356987288,2.3193109624391632,66.79747402637261,35.48048337310465
Firm 27,2017,11.56145314206771,11.56145314206771,0.0013052248270848,1.909329018,-0.22788501900000002,3.516635582235116,0.0,0.0013052248270848,0.131133789,0.0,0.0,3.516635582235116,0.0,1.5948392189164544,6.985300544599767,11.56145314206771,0.0
Firm 27,2018,0.0,0.0,0.0,1.9768267725,0.012798572999999999,0.0,0.0,0.0,0.1200228255,0.0,0.0,0.0,0.0,0.0,0.0,0.0,0.0
Firm 27,2019,0.0,0.0,0.0,1.1729329159263002,-0.7237715480205,0.0,0.0,0.0,0.0671061329316,0.0,0.0,0.0,0.0,0.0,0.0,0.0,0.0
Firm 27,2020,0.0,0.0,0.0,0.37320596777145004,-0.85081901815485,0.0,0.0,0.0,0.2769092047629,0.0,0.0,0.0,0.0,0.0,0.0,0.0,0.0
Firm 270,2016,5.603919323136,5.603919323136,0.0,389.2816301535,-31.716523108500002,-387.16196379999263,0.39529157960335787,0.0,0.0,0.0,0.0,-387.55725537959603,0.0,1.6237309404749825,3.3255799113399216,6.446453083136,0.84253376
Firm 270,2017,5.130307187712,5.130307187712,0.0,351.3818127915,-4.589217343995,-108.32196121397169,1.4229792313530918,0.0,0.0,0.0,0.0,-109.74494044532477,0.0,1.0126953171045376,4.881509608732572,6.081799172096,0.951491984384
Firm 270,2018,3.664117857432883,3.664117857432883,0.0,334.02040843500004,-7.7441295435,-158.95689683749637,1.1715003234977877,0.0,0.0,0.0,0.0,-160.12839716099418,0.0,0.5148943079571456,6.857106957629185,4.005880782848,0.34176292541511677
Firm 270,2019,3.7880069322978303,3.7880069322978303,0.0,322.254321174,11.744017559595001,-2907.626457738446,-14.220240867577095,0.0,0.0,0.0,0.0,-2893.406216870869,0.0,0.3573018265003008,10.215628919680878,3.97849112927232,0.1904841969744896
Firm 270,2020,0.0,0.0,0.0,329.73205356,24.251781993435003,1168.7020369236263,2.8171210950532615,0.0,0.0,0.0,0.0,1165.8849158285732,0.0,0.0,0.0,0.0,0.0
Firm 271,2016,3.6247860273840127,3.624786990968013,0.0,7.4515351590000005,15.7211387865,0.9058763072897761,0.018763114569874655,0.0,-1.556360238,0.9703286584087656,0.026788253791808665,0.8871131927199013,0.943540404616957,1.1878583143706625,2.940406088129546,5.064468185920205,1.439681194952192
Firm 271,2017,3.378218386702848,3.378218386702848,0.0,4.6117568879999995,1.857623616,0.47360939341004954,-0.006060196528791816,0.0,-0.072151695,1.2138722868157799,-0.008154289117244024,0.47966958993884135,1.222026575933024,0.9973846405043199,3.2637330210807245,4.65227496181801,1.2740565751151616
Firm 271,2018,3.693699029028557,3.693699029028557,0.0,0.0,0.0,0.0,0.0,0.0,0.0,0.0,0.0,0.0,0.0,0.5211078299292672,6.830043765933359,4.874706249981644,1.181007220953088
Firm 271,2019,3.7556979912270845,3.7556987206601726,0.0,0.0,0.0,0.0,0.0,0.0,0.0,0.0,0.0,0.0,0.0,0.35629754341017605,10.157045873909892,4.8067216016825345,1.0510228810223616
Firm 271,2020,3.5308845279042558,3.5308852338258943,0.0,0.0,0.0,0.0,0.0,0.0,0.0,0.0,0.0,0.0,0.0,0.336653327863808,10.106253392844778,4.628965207115571,1.0980806804639742
Firm 272,2016,1315.1758321310106,1074.8286864746701,1183.373544288256,625.6931773665,220.409288811705,0.8708547426688172,0.3496605661684582,932.1665363968,452.715886944,0.862879669721951,0.4504566717848627,0.521194176500359,0.4124229979370882,651.856429080361,1.944112740923656,12946.781384761138,11871.952698286468
Firm 272,2017,1471.0982719751269,1196.515263684649,1436.84977974186,537.3312040219499,207.35496003066,0.8445651604755405,0.36455108280510573,384.8750870757581,402.15881906490006,0.8364805318605232,0.4724252076173921,0.48001407767043464,0.36405532424313114,773.4835036775014,1.8326528627479413,14167.320428711148,12970.805165026499
Firm 272,2018,1487.0310094424333,1213.1137790309376,1198.2413580000564,520.48934744793,202.23552121422003,0.7601152375089983,0.34308881165424476,961.6765548589364,394.03945794453,0.8683418180968839,0.4445895737574727,0.4170264258547535,0.42375224433941133,808.8319214080677,1.771541466499155,13620.532583780945,12407.418804750008
Firm 272,2019,1616.8656795241573,1336.0721213170177,1032.1658149137202,544.4330630094299,261.15335047656004,0.825350532135859,0.34716185691609625,776.1729188477543,426.93370911003,0.9155360739718388,0.44524328631695254,0.4781886752197627,0.4702927876548862,875.4530597844501,1.7796338496117718,14757.948512482766,13421.876391165748
Firm 272,2020,0.0,0.0,0.0,727.264280513595,462.308801979915,1.0476463966588,0.31582275086476297,0.0,584.038230811875,1.0208008865163716,0.4008504086913487,0.7318236457940372,0.6199504778250229,0.0,0.0,0.0,0.0
Firm 273,2016,12.105455857728103,12.105455857728103,24.318114340669442,776.6338622251841,181.54623034103295,0.7655167266122943,0.1975714162685741,24.07891810284544,148.4307697669878,0.7868636635428111,0.23232842158882194,0.5679453103437201,0.5545352419539892,4.645126265096602,2.511153176795399,15.517841683302503,3.4123858255744
Firm 273,2017,11.607816010799104,11.607816010799104,23.51136659687424,831.6032819821404,124.9688706053919,0.5881322187821931,0.21869099498223293,23.30553417561088,144.1923721631955,0.5735737877340135,0.22850671251276294,0.3694412237999602,0.3450670752212505,4.463325024047923,2.506002973721536,14.595211222139906,2.9873952113408
Firm 273,2018,10.94169924838144,10.94169924838144,23.88501494786048,999.7169706960274,296.8914883327953,0.953406389522709,0.21612320100151008,23.70619892627456,167.22847167868352,0.8906913924717463,0.2263675224297536,0.737283188521199,0.6643238700419929,4.1510910123701255,2.539873565078151,15.00364468225372,4.061945433775923
Firm 273,2019,10.485943510745702,10.485943510745702,22.91663552754688,1010.5434721817412,280.6687912315925,0.8558781676912703,0.20216645971487046,22.75988147469312,175.9579443127377,0.8021363113543571,0.19227677371209312,0.6537117079763999,0.6098595376422641,4.016976689746023,2.515346284595251,14.212768917867008,3.7268254070249474
Firm 273,2020,12.239003904101478,12.239003904101478,21.699533251655676,1202.1847615404276,292.9020722611368,0.8571881406486928,0.1995453808573815,21.563976533975037,207.9422360619702,1.0634914454943307,0.19611197315368867,0.6576427597913113,0.8673794723406419,3.95607420269312,2.9810634820503004,15.723654190271693,3.484650286073856
Firm 275,2016,400.5010619139701,400.5010619139701,234.293703585792,415.684471869885,173.11317452462998,0.40809575803271453,0.1233286617061401,61.233849522176,152.68164974520002,0.6041668196674062,0.20321007288017867,0.2847670963265745,0.40095674678722754,142.68400971477564,2.7046928104610686,723.80735225381,323.30629033984
Firm 275,2017,346.23069486764666,346.23069486764666,259.726847065088,780.984742673057,866.81438733285,1.4857096079471792,0.22754261196854722,73.106924399616,98.75550439992165,1.3036723438971314,0.471979416292046,1.2581669959786317,0.8316929276050854,127.89684202998252,2.6085269392745154,760.8318620996466,414.601167232
Firm 275,2018,356.6291066896807,356.6291066896807,283.1551709565077,310.11420061658265,96.08762405620502,0.46812026264553835,0.173316391340382,77.91759921595249,91.78424486878019,0.7260731995770948,0.254508771296428,0.2948038713051564,0.47156442828066686,164.2263627268304,2.092490483468078,808.2919838020007,451.66287711232
Firm 275,2019,344.63330443395705,344.63330443395705,318.8366815489318,284.9560727585554,301.74216515751004,2.015646947411667,0.3252162192961669,94.43567717853573,1.0727998761628499,1.1799636252585766,0.6631195273998651,1.6904307281155004,0.5168440978587113,129.46497996113573,2.5650422077026436,959.5155966936106,614.882292181796
Firm 275,2020,330.2883289866825,330.2883289866825,613.4384196961183,167.26485491247,10.24875161553,0.39680670876091995,0.32716676780512455,231.64270969590243,19.131483243885,0.7483943171047024,0.4907348613910827,0.06963994095579547,0.25765945571361953,181.2371863478018,1.7560444167763012,1127.3299668318898,797.0416380374423
Firm 278,2016,10.05611201806336,10.05611201806336,1.65798599168,831.324190768335,292.01899658706,0.9489518199455287,0.3138386543773846,1.3555227555840001,182.78317308844498,0.859495820916618,0.4835374420679295,0.635113165568144,0.3759583788486885,3.47391333551104,2.7893351695799002,13.08308405733376,3.0269720392704
Firm 278,2017,5.20942642435072,5.20942642435072,-0.002021599232,871.586351745,267.95470311567,0.9263485039154534,0.33093325683061947,0.013805267968,241.870192548,0.9513999921988857,0.5314146292200552,0.5954152470848337,0.41998536297883055,0.40608495884288,12.36125555101824,5.49466837156864,0.28524194721792
Firm 278,2018,5.22612234796032,5.22612234796032,0.0,974.1703793345251,303.96640816581004,0.9705101063657423,0.29956532769559363,0.0,356.565556600245,0.9732152916153526,0.4089172007270319,0.6709447786701486,0.5642980908883205,0.34768527012874245,14.48381139262045,5.34658860787712,0.12046625991679999
Firm 278,2019,5.26336914787328,5.26336914787328,0.0,1016.543489399115,326.01706065255,1.1469897384283434,0.3200454432064106,0.0,410.37018189720004,1.0671347612150877,0.39284068137006073,0.8269442952219327,0.6742940798450269,0.35229806429399035,14.396043609118523,5.3326639711232,0.06929482324992
Firm 278,2020,5.22467693341696,5.22467693341696,0.0,489.3349634861101,264.80619910923,1.1072782834787067,0.34525525378410965,0.0,235.55030988279,1.0811655139573637,0.4548390509378082,0.7620230296945969,0.6263264630195556,0.3689174828992512,13.646453018829993,5.3393932756172795,0.11471634220032
Firm 279,2016,75.97960427300372,75.97960427300372,80.515288700928,-7.887114459,13.7584763865,0.8822094905972742,0.3284969525736157,72.69438807244799,-3.187405005,0.9534817358231776,0.3734521722014539,0.5537125380236584,0.5800295636217236,44.925506252751156,1.6296473231019986,157.45633920780708,81.47673493489971
Firm 279,2017,91.5890741662933,91.5890741662933,87.87433002803199,-4.454541345,10.7825156955,1.025908252970873,0.3394372293274001,79.092125239296,-0.719856789,1.050863609475139,0.36748002746787256,0.6864710236434729,0.6833835820072663,41.840687862782254,2.1092809642825263,169.91434983101573,78.32527566472244
Firm 279,2018,83.81506596359628,83.81506596359628,89.54270441881599,-0.399710736,0.7476715845,1.0364459141792752,0.7250948547042573,79.87013356032,1.1788515525,1.1139257586024214,0.8383377737675253,0.31135105947501807,0.2755879848348962,41.24753528954808,1.9580044226771256,159.0642361224238,75.24917015882752
Firm 279,2019,76.299788907806,76.299788907806,13.200090000384,0.0,0.0,0.0,0.0,7.31004360103936,0.0,0.0,0.0,0.0,0.0,27.318499333924763,2.691262609130176,148.88014699286632,72.58035808515666
Firm 279,2020,68.1562178762795,68.1562178762795,14.754907577774082,0.0,0.0,0.0,0.0,13.1218924125696,0.0,0.0,0.0,0.0,0.0,20.907438172026062,3.1411902551489246,114.96112844543407,46.804910569154565
Firm 28,2016,935.1444790328562,939.4838238119609,21.690256471190732,51.2683657993071,0.8025224943039001,-512.1247785988189,-380.38483919685217,21.089824904443084,47.7738673891704,-124.28837002057111,-90.26553749378678,-131.73993940196672,-34.022832526784335,455.63868653278143,1.9776421193321252,1594.9125264402528,655.4287026281957
Firm 28,2017,951.1377488376955,954.0186263697797,10.661333387526247,39.49020187893525,1.2278119482328498,2122.656992269537,1302.8859275477457,10.827587888541185,37.265726999999394,821.470228253164,466.31624570554226,819.7710647217915,355.1539825476217,316.02262714750316,2.9001123269197,1475.6036994189265,521.5850730491469
Firm 28,2018,654.9376163932737,656.3941556372524,6.786709938803917,30.6792524790213,5.393545332575551,12408.537362331503,4087.2645159346393,9.555243650373223,29.11278288928215,1578.8538941425732,541.3432356289363,8321.272846396863,1037.5106585136368,245.27923978847497,2.5729344591043914,1069.5418258632778,413.14767022602547
Firm 28,2019,717.155413726277,718.470264913526,28.40928431868836,0.0,0.0,0.0,0.0,28.312185388677943,0.0,0.0,0.0,0.0,0.0,193.9666705985998,3.5626712571154964,1056.6608946971974,338.1906297837677
Firm 28,2020,245.65746753368515,325.94639634943957,53.09650919611874,0.0,0.0,0.0,0.0,53.12333148758088,0.0,0.0,0.0,0.0,0.0,178.80173958833325,1.3238775290496325,633.8633652075783,307.9169688581387
Firm 280,2016,281.19237004098477,370.0489521995061,329.35680263631997,1613.5416814994746,799.91469394506,0.8931205508938193,0.27136194698559624,54.453805842974,1512.5592390632144,0.9418787171404048,0.2890139945940492,0.6217586039082229,0.6528647225463554,119.33876197192049,2.2704481278038173,1248.7338119670449,878.6848597675389
Firm 280,2017,373.26795468174765,373.26795468174765,270.53056675189237,1637.4033848563731,794.677295587935,0.8392155235730697,0.22845405672668326,46.64931679169208,1526.7099229814044,0.8815199652816487,0.24429261202776764,0.6107614668463865,0.6372273532538808,108.59476178211574,3.312084514405107,1284.8057467765589,911.537792094715
Firm 280,2018,398.13980683965974,398.13980683965974,344.6294660358292,1557.3433443989886,857.88266479824,0.9164968538663905,0.24623952646557945,56.02120641353728,1447.225884905233,0.9527468249716285,0.2680872769025154,0.670257327400811,0.684659548069113,107.93034693442436,3.5545252890447663,1503.1756594803262,1105.0358526406665
Firm 280,2019,404.2882529877892,404.2882529877892,395.63740020270524,1553.133820826513,862.9878834460051,0.9163519186087956,0.2679208321633471,63.21631778485002,1437.4681578696097,0.9791840680069278,0.28945522192936674,0.6484310864454486,0.689728846077561,139.64408113232446,2.789704288274415,1505.168608541041,1100.880355553252
Firm 280,2020,374.7311798272173,374.731179826061,533.0796689646212,1580.1198645784887,1038.8232404030402,1.015909353565705,0.2723853892100208,83.59862125988259,1432.3051211998,1.0659298683777971,0.2928921577580604,0.7435239643556842,0.773037710619737,142.09756585867797,2.541105943656653,1740.4922543414095,1365.761074547147
Firm 281,2016,1230.5990877065583,1242.253935821868,1309.6670005395788,264.4819213755,112.534024743,0.9794104240627809,0.3881064901296182,1071.1335764212183,207.4002327915,1.0457555738991244,0.4380773280363483,0.5913039339331627,0.6076782458627761,876.1024545792208,1.3534782206473235,4989.23357012051,3746.979634298643
Firm 281,2017,1099.5362053246718,1201.5014688353588,1287.3650265983326,287.155452867,129.698533437,1.0413140419771365,0.4086395190316819,1087.8066622274177,221.1226825485,1.1064239876767732,0.4619501888812813,0.6326745229454547,0.6444737987954919,886.1571553236782,1.1956067707703344,5005.187984821933,3803.686515986574
Firm 281,2018,1081.0998502532746,1092.9612591511411,1353.009071357348,295.263904458,117.415178247,0.8858897159891952,0.3744976001083663,1152.8663798966886,232.077311697,0.9247619490439488,0.4104453436814113,0.5113921158808289,0.5143166053625375,852.6344434989579,1.22177860166134,4858.00172012839,3765.0404609772486
Firm 281,2019,877.263487740863,886.2505249151542,903.7736721421721,304.406895693,100.91741917350001,0.798371114512619,0.3436146556735719,762.8025842420442,235.9567511235,0.8593901930675492,0.3723646298283471,0.45475645883904714,0.48702556323920193,666.9306498370108,1.2674737032671628,3845.520058248437,2959.269533333283
Firm 281,2020,1042.690701272517,897.7996587461122,961.8280210234475,330.488233233,130.7572627815,0.8681936222384482,0.3525725912760703,754.9135174768204,251.410310574,0.8816751567944193,0.3873692136607153,0.515621030962378,0.4943059431337041,583.9564008192706,1.7205395390570073,3843.680865024485,2945.8812062782767
Firm 283,2016,279.1789231710426,279.1789231710426,12.091960421908482,4789.584403146,1957.8660566820001,0.9890013481919571,0.377702992395202,12.091960421908482,3641.6374471245,0.9375013172726779,0.4031591897949962,0.6112983557967548,0.5343421274776818,78.7780368574258,3.4148140044630746,513.0607138847027,233.8817907136602
Firm 283,2017,302.70835379859267,302.70835379859267,7.28369291264,4620.694297542,1407.502558806,0.7764005890093957,0.35495992918575564,7.28369291264,3560.5508583795,0.8801255441591328,0.3781371325215158,0.42144065982364015,0.501988411637617,87.67635748359905,3.3268367295165793,562.3047843598913,259.5964305612985
Firm 283,2018,293.72238274597305,293.72238274597305,5.884847420416,4353.1293152145,1770.246415992,0.8485064938340208,0.3131510238346538,5.884847420416,3318.495866439,0.892612678391377,0.33516204988222814,0.535355469999367,0.557450628509149,73.30373095547178,3.861006592254076,541.6429250104013,247.92054226442826
Firm 283,2019,310.6022094755057,310.6022094755057,8.39732039307264,4177.540407918001,1729.1865219195,0.8631187179898615,0.3231792800827945,8.39732039307264,3089.7555114795,0.9046126189169572,0.34674574656618473,0.5399394379070671,0.5578668723507724,77.49284545172603,3.8621800202405576,586.1649434616115,275.56273398610585
Firm 283,2020,312.7583708714038,312.7583708714038,12.367641110528,4080.2390796899995,1499.4501811005,0.8258882701535397,0.35573639974514143,12.367641110528,3037.7913837045,0.8850088941518004,0.383234529685444,0.47015187040839823,0.5017743644663564,87.66927999149547,3.4375662953657846,579.4613377335398,266.702966862136
Firm 284,2016,435.805383840256,541.743305728,83.52827904,0.0,0.0,0.0,0.0,67.930744832,0.0,0.0,0.0,0.0,0.0,281.553463296,1.4914932676244412,15142.835299328,14601.0919936
Firm 284,2017,449.59760554181827,508.50576369964034,91.7530020453683,0.0,0.0,0.0,0.0,77.09290419538944,0.0,0.0,0.0,0.0,0.0,277.963078006784,1.558570520390604,14867.98424471894,14359.4784810193
Firm 284,2018,408.85131570555035,463.8864130986189,85.78899312551937,0.0,0.0,0.0,0.0,71.8630428717056,0.0,0.0,0.0,0.0,0.0,229.208070079488,1.7187989325864186,13198.080705406628,12734.19429230801
Firm 284,2019,382.9953094497613,447.37450034612226,82.98492546977792,67.75290495302761,1.2980046682075501,548.7635276754535,365.508694349071,67.25847282844673,67.42543648062494,435.5784143810167,365.5086943624338,183.25483332638248,70.06972001858294,205.9375398675025,1.7920392391706705,13476.370216321842,13028.995715975721
Firm 284,2020,358.2309210152755,400.14039213812737,78.10489815448575,68.1870816467928,1.36681470066135,912.2884364337883,488.7476360353922,63.78576825124864,68.1870816467928,906.3078717410905,488.7476360353921,423.5408003983962,417.56023570569823,191.70753277838028,1.8005843525962444,13016.273416471151,12616.133024333027
Firm 285,2016,156.89209090141696,83.43836491152896,381.50533961815034,556.9096575135,104.18736396655501,0.8015442075127481,0.258346080298799,356.7503803373056,455.3921242125,0.8881164122503546,0.2999893590460777,0.5431981272139491,0.5881270532042769,155.1226672768595,0.9745752260005338,921.4037205334873,837.965355621862
Firm 285,2017,225.74594679395167,159.90104044847965,373.422084118528,441.8877631995,20.987814045,0.9432684482163189,0.2919846432912628,347.24396686848,344.0024236485,0.5705782009152498,0.3386388390519202,0.6512838049250563,0.23193936186332964,133.8815924731564,1.624757954975158,986.3446412244464,826.4436007759667
Firm 285,2018,179.02660230573406,168.42717830573406,329.62843476586494,0.0,0.0,0.0,0.0,261.9404578017792,0.0,0.0,0.0,0.0,0.0,123.74702297508732,1.3940308656225007,926.178983484614,757.75180517888
Firm 285,2019,182.82577881767176,142.03405647219975,298.6661389513113,0.0,0.0,0.0,0.0,233.7095380223078,0.0,0.0,0.0,0.0,0.0,114.21302044996209,1.5424510669817062,864.1471655473262,722.1131090751262
Firm 285,2020,179.10125396436337,157.5812116188914,286.88840286709757,0.0,0.0,0.0,0.0,160.87057380649983,0.0,0.0,0.0,0.0,0.0,113.87003002009271,1.5155796715742063,915.0331128255547,757.4519012066634
Firm 286,2016,152.08426319597567,152.08426319597567,375.42262325862396,1743.4187897040001,992.662340223,0.9081905348674637,0.3437712005184244,115.3435101184,1428.5041207635002,1.0132294823009198,0.44843782327824155,0.5644193343490393,0.5647916590226781,106.73445239386113,1.3729958732224656,797.2772253335654,645.1929621375897
Firm 286,2017,163.86722598142975,163.86722598142975,300.82355820032,2510.183179776,1999.771242456,1.3882416459674072,0.3502213573433194,56.906644310016,1861.26720561,1.3381024364453544,0.46622190779901956,1.038020288624088,0.8718805286463349,85.78799466941439,1.840581979897769,814.4800736999322,650.6128477185025
Firm 286,2018,150.21614311279617,150.21614311279617,263.9624784957849,3028.591593951,1755.011076849,1.0705333652600466,0.3124636768471531,51.267191950018564,2112.9303897495,1.0500792313610046,0.423972147787041,0.7580696884128936,0.6261070835739635,110.1673998806528,1.3138720910360735,877.668246956032,727.4521038336001
Firm 286,2019,201.94188660194303,201.94188660194303,482.50886405976064,2962.9605589320004,1304.5454718855,0.8708274096858681,0.2963973323692973,126.82571577995263,2114.4848134485,0.9751001214213878,0.3903107385052547,0.5744300773165708,0.584789382916133,129.10439807648766,1.5072141132183845,983.1591079763969,781.217220333783
Firm 286,2020,276.39578106264577,276.39578106264577,909.2044612252877,3001.8021002550004,1258.303554675,1.0416223579133495,0.3155390156455175,239.33374054774782,2141.0852021235,1.1252413971313593,0.4299514971043033,0.726083342267832,0.695289900027056,196.23623028782077,1.357193581984529,1673.2251642575666,1396.829383194921
Firm 287,2016,110.51889082954752,110.51889082954752,52.597676852224005,632.5441389290401,275.0237582115,1.0870739703505488,0.2971602052213988,48.328681749504,418.26768080523,1.0675496810116398,0.3059163409115394,0.78991376512915,0.7616333401001003,42.9486295844864,2.4795723619448338,192.4896042180403,81.97071338849281
Firm 287,2017,122.2427049265664,122.2427049265664,51.062829187072,661.89731856867,261.920707793985,0.999695961982831,0.29314605775060204,47.482653070336,416.1870788073,0.9319652786294258,0.30395693701866255,0.7065499042322292,0.6280083416107631,44.161809688064004,2.6672619490907543,203.31287392677888,81.07016900021247
Firm 287,2018,98.50036636803073,98.50036636803073,47.725364462592,652.6010503942024,229.56022043397,0.8618988917996473,0.29342734983254465,44.99066200063999,436.6588992621264,0.9544331888613646,0.30770017867779054,0.5684715419671027,0.6467330101835742,43.3175546297856,2.1911065349268144,194.3210539943424,95.82068762631168
Firm 287,2019,101.914850766336,101.914850766336,54.199016631296,645.6294389621222,245.63005808341498,0.9603600567798086,0.3107274327927182,51.768058008576,423.81764512410507,1.009544013033586,0.32676956689065945,0.6496326239870904,0.6827744461429267,44.421048511631355,2.2107429439697976,203.56828704242687,101.65343627609087
Firm 287,2020,114.61833542607873,114.61833542607873,65.431199263744,743.9454740380971,289.708336699545,1.0482600599017606,0.31051398271025205,62.407166252032006,477.3277189386336,1.0398497744976136,0.32808829670181106,0.7377460771915086,0.7117614777958026,47.357932442521594,2.332120268494601,217.72573272491007,103.10739729883137
Firm 289,2016,4.151659198444339,5.047707593393971,4.688550435911681,3.21164313591735,1.283017389015,0.39318833538959214,0.03043988357223687,4.659305960222721,-0.13870094292000001,0.0,0.0,0.36274845181735516,0.0,1.5839018443270145,2.525707253515798,10.800175271409767,5.752467678015795
Firm 289,2017,4.5620676873900035,5.336907640636722,5.300347117486079,3.3706736803132498,1.2339651684899997,0.37648049421806534,0.0328463827067864,5.28758438959104,-0.0218345251179,0.0,0.0,0.34363411151127893,0.0,1.5698297316200447,2.8002625647492727,10.454653577292186,5.117745936655463
Firm 289,2018,4.370923497430323,4.370923497430323,0.8117658098278401,3.34412478350985,1.0535988980400002,0.33204393071470784,0.03660282244124878,0.8061709809561599,-0.2328199963623,0.0,0.0,0.29544110827345904,0.0,2.9388585536677887,1.433125096167524,8.77742697840179,4.406503480971469
Firm 289,2019,4.972941393919999,4.972941393919999,-0.151804950528,2.6164929078855,0.22123329148499998,0.11357068802724937,0.051426508579933375,-0.151804950528,-0.44391670416735,0.0,0.0,0.06214417944731602,0.0,1.268164230144,3.7785695623782853,8.987754600448,4.0148141701119995
Firm 289,2020,0.0,0.0,0.0,2.4952026032232,0.7243136114100001,0.25653520172105776,0.05654346658107662,0.0,-0.062294856304500004,0.0,0.0,0.19999173513998117,0.0,0.0,0.0,0.0,0.0
Firm 290,2016,116.35094772536023,116.35094772536023,175.12418272467968,97.07668180091429,62.53707173983245,0.796033446474796,0.4528358536182952,62.21695958931558,74.43351052064416,0.8678759714325919,0.5628210025767957,0.3431975928565008,0.30505496885579614,79.24859457475839,1.414711670466685,295.63599758790656,179.28504986244997
Firm 290,2017,98.06224648683529,117.3339264868353,139.6812251259187,94.26192197502421,54.0759349745904,0.8175666278628791,0.49404442178786434,81.49466704716801,74.73546923474159,0.8748239591443053,0.5691152931433966,0.3235222060750149,0.30570866600090874,69.69894347322439,1.3557050797343941,271.67168836076144,154.33776187392615
Firm 290,2018,86.83862269828494,96.47446269828494,94.41562070581247,82.65270552393,31.796675336107505,0.8480232231316058,0.6028726670713164,60.46254050927616,63.555866877570004,0.9225787634353735,0.6417975872102039,0.2451505560602895,0.2807811762251695,53.946084679117,1.551109925990533,232.7626745783043,136.28821187992295
Firm 290,2019,87.46095827353601,87.46095827353601,79.35638911488,66.7900100715,26.858504904,0.8445443030226152,0.5852224835109548,51.035873888256,54.4421262975,0.8982299267243798,0.620355865002315,0.2593218195116604,0.2778740617220648,44.561368947712005,1.8912340892385007,197.523650347008,110.062692073472
Firm 290,2020,0.0,0.0,0.0,0.0,0.0,0.0,0.0,0.0,0.0,0.0,0.0,0.0,0.0,0.0,0.0,0.0,0.0
Firm 291,2016,10.580830606049279,10.580830606049279,0.0,128.74025140499998,107.36786325076501,0.931601855636894,0.36133166135244055,0.0,115.741624272,0.9588167377199055,0.39068516562353367,0.5702701942844531,0.5681315720963719,0.06940990408704,146.88853432089766,11.99578244337664,1.41495183732736
Firm 291,2017,7.69046989824,7.69046989824,0.0,183.478203428535,97.41454111851,0.8260470762958136,0.36843908942733355,0.0,164.456408072535,0.8542370181096511,0.3988737348558395,0.45760798686848003,0.4553632832538117,0.057655085056,128.53009824247084,8.93509154538496,1.24462227347456
Firm 291,2018,7.716625229619201,7.71662521034752,0.0,173.66645126999998,50.91336960741,1.2998033019563346,0.413073874786154,0.0,152.2926213975,1.1233699357244673,0.4179050177606363,0.8867294271701806,0.7054649179638308,0.04930484919296,150.8090325184299,8.24544696062976,0.5288217502822399
Firm 291,2019,7.72633699040256,7.72633699040256,0.0,130.370709342,60.466553545335,0.9644322033210612,0.31881741450914786,0.0,107.5463133225,1.0393170134356022,0.4027980046790842,0.6456147888119133,0.6365190087565181,0.0284626332672,261.57013065757207,7.862313435637759,0.1359764452352
Firm 291,2020,0.0,0.0,0.0,196.1378160405,123.77817525552,1.1545678121192366,0.29244153707290527,0.0,126.46270833150001,1.1127358946451056,0.4450929298857955,0.8621262750463312,0.6676429647593102,0.0,0.0,0.0,0.0
Firm 294,2016,130.49236730221057,130.492367347499,0.0,134.43826038096,32.007831190035006,1.0630734488176394,0.28029396788499344,0.0,37.449692344649996,1.3063548437280494,0.9377690756681502,0.782779480932646,0.3685857680598993,115.21830233720422,1.0913227734126356,705.2280634625848,574.7356961151821
Firm 294,2017,134.165120267264,134.165120267264,0.05139275264,105.1186562955,23.850326536125,0.7735041183869373,0.24460529574197545,-0.00411450368,32.7700116825,1.0765512311586825,0.7216487218233506,0.5288988226449618,0.35490250933533185,33.600996017152,3.847486044211881,682.83636273152,548.67124342784
Firm 294,2018,81.93504685670399,81.93504685670399,0.089278948352,116.723555146005,35.64431157228,0.9443523129576659,0.22484387100917533,0.0,32.789549108340005,1.091084754435349,0.5769309914505052,0.7195084419484904,0.5141537629848438,42.093406772224,1.8756215342129907,582.001699746816,500.066652890112
Firm 294,2019,82.109773543424,82.109773543424,0.07176966348800001,139.33661815044,73.42904252274,1.5126833470152279,0.23008902304607448,0.0,39.496292087280004,0.9878792917192745,0.7661357800701728,1.2825943239691537,0.2217435116491016,38.191197028352,2.0716727986119574,548.697753550848,466.587980971008
Firm 294,2020,86.92085595136,86.92085595136,0.006483956736,230.07227797237516,97.14829787468776,1.2101162473822011,0.16925129468228817,0.0,51.3632993142957,0.30055518530694597,0.17110015290685535,1.0408649526999132,0.12945503240009062,34.145575150592,2.4528960397254624,531.873342759936,444.952486808576
Firm 297,2016,16.751437504050173,16.751437504050173,10.940986998790553,217.482828774,939.574768059,0.9044502041248885,0.24084994498541845,10.924156838293914,218.858004303,0.9066192471289631,0.24189256336924517,0.6636002591394701,0.664726683759718,14.088413600164351,1.1457228339544474,134.15300837840252,117.40157087435233
Firm 297,2017,24.833755415434442,24.833755415434442,10.135129760399359,271.475364732,965.5802351055,0.9053120763723317,0.25043970465739335,10.11110832433152,266.0106703155,0.9067530760039955,0.25093723761801306,0.6548723717149383,0.6558158383859823,11.79156544534702,2.029366625588173,126.87821030908837,102.04445489365392
Firm 297,2018,19.708513132320665,19.708513132320665,9.61475839126528,254.2947115875,963.7367957385001,0.8554964651011085,0.22464569439998008,9.39770957280256,249.06225609,0.8568007850125559,0.2254789938957234,0.6308507707011285,0.6313217911168325,11.216888102624871,1.6930549493178972,109.6037802414211,89.89526710900408
Firm 297,2019,17.600949561733323,17.600949561733323,13.8471153129984,225.5485392645,1014.1918579874999,0.8725776510062069,0.23369201031689532,13.0178249069568,221.8895993175,0.8719907088643899,0.23491376931498698,0.6388856406893114,0.637076939549403,12.55049783855698,1.3513402894974926,103.70926201716695,86.10831245533726
Firm 297,2020,14.061258258515558,14.06125825735926,15.737851560611839,406.6202683455,867.179538609,0.8697175497190102,0.2648260904202876,13.380653038305281,407.621088927,0.8738382372675488,0.2685802432374579,0.6048914592987226,0.605257994030091,10.803770051701965,1.2541180914563237,98.06312368687871,84.00186549147791
Firm 299,2016,120.11536242483712,95.15551897803469,0.0,33.14009761618995,263.55982029036,0.9823623389608924,0.32068526173618683,0.0,36.9757514269092,0.9309343274300583,0.3208068082904736,0.6616770772247056,0.6101275191395849,49.91968689360486,2.318549025226392,348.58393297472514,253.42841399669044
Firm 299,2017,147.4862546842281,128.17285774683393,80.34473518541076,33.943098278886445,240.381848434155,0.9641469667213706,0.37355427054191775,7.647950448294605,28.04794364592465,0.904127166256206,0.34301894170483205,0.5905926961794529,0.561108224551374,61.60789532381102,2.306772443478046,401.4901175806704,273.31725983383654
Firm 299,2018,129.4003928195401,112.19967878884259,70.3566393683973,10.8750880059015,216.625640163795,0.9393325254064953,0.4368897626432882,8.671146058575259,5.98615605917745,0.8784644705280943,0.424763762131287,0.5024427627632071,0.45370070839680726,57.29748304301988,2.1761540209542156,341.2951159174989,229.09543712865627
Firm 299,2019,125.51352457876582,107.06960757398723,77.3880222922665,12.87814529598345,239.99459913732002,0.9328796236188206,0.4113187194691278,8.47710697850409,7.1044944166849495,0.8628504721570405,0.3833668736897671,0.5215609041496929,0.47948359846727334,56.85160851173939,2.1273421673325528,354.6500627830147,247.58045520902746
Firm 299,2020,126.35924309990133,107.65758950161307,87.71123982384465,19.4566308044895,231.12729790093502,0.9301590659807955,0.42842064888019327,20.318022228381082,13.1921270378286,0.8739454209878077,0.4150067165933648,0.5017384171006023,0.4589387043944428,60.49827753465416,2.0125820083626516,385.36176001270627,277.7041705110932
Firm 30,2016,3020.0227853206416,2447.421141203865,2503.1082264156157,53.61561873684795,-0.41242335402225005,0.22988239429264554,0.40463503381373045,2480.38330803712,0.23112238036965,0.0,0.0,-0.1747526395210849,0.0,1842.6164478819985,1.579300802896537,33984.210092622016,31536.78895141815
Firm 30,2017,3206.6246159481943,2639.1696620573784,3568.8454461829124,77.840900013453,29.510183674711204,15.666874144461977,0.25603454154825156,3530.0057388144637,-0.02267502232365,0.0,0.0,15.410839602913727,0.0,2006.2281295289345,1.5401300223316714,35306.04393268294,32666.874270625558
Firm 30,2018,3774.602667308114,2866.7237695857457,6890.023128506367,40.889440075357506,18.731799000987902,9.307406506327181,0.48477786249649374,6861.810012425216,-0.0977648722491,0.0,0.0,8.822628643830686,0.0,2257.637445894325,1.6110411098955826,41331.60806084479,38464.88429125905
Firm 30,2019,4667.520085350062,3751.4110951853877,6924.057820191744,0.0,0.0,0.0,0.0,6875.660752885759,0.0,0.0,0.0,0.0,0.0,2846.7875793070075,1.579867674923884,55581.341461983764,51829.93036601237
Firm 30,2020,6465.461126626833,4834.926395641254,5442.876586267648,0.0,0.0,0.0,0.0,4944.576604899328,0.0,0.0,0.0,0.0,0.0,4105.895927277411,1.5173338546772828,71582.29582458666,66747.3694289582
Firm 300,2016,12.670231539711999,12.670231539711999,0.0,492.0929153745,216.0902594145,0.8647006868964421,0.3139448006091752,0.0,314.024967459,0.9229349285681918,0.39325941896887,0.5507558862872669,0.5296755095993219,1.06490967552,11.4646647209776,14.230994796544,1.560763256832
Firm 300,2017,12.285410779135999,12.285410779135999,0.0,523.4139330465,248.483972985,0.9466648062105455,0.32094774773978496,0.0,302.69992174950005,0.9956201189273284,0.404387985616669,0.6257170584707604,0.5912321333106593,1.059666814976,11.171459833316662,13.910807396351998,1.6253966172160002
Firm 300,2018,12.220077856767999,12.220077856767999,0.0,622.576889532,300.584822685,1.0657470323219302,0.331520041931803,0.0,294.01506774899997,1.0533261714075264,0.4433702516436945,0.7342269903901274,0.6099559197638318,1.055882820608,11.151873362951012,13.542269278208,1.3221914214400001
Firm 300,2019,12.283928786944,12.283928786944,0.0,718.7021792055001,295.726398432,1.158970928458694,0.35053153515729724,0.0,348.37224567149997,1.3152509467481712,0.5334718286033039,0.8084393933013967,0.7817791181448672,1.132852946944,10.44848518792242,13.272518755328,0.988589968384
Firm 300,2020,12.148848763904,12.148848763904,0.0,878.0744852535,307.37646183000004,1.1762531556198488,0.3333779786357558,0.0,359.57363115600003,1.4545422311864977,0.6620724600276199,0.8428751769840931,0.7924697711588776,0.815959076864,14.346842408211659,13.190267225088,1.041418461184
Firm 304,2016,14.490339397159527,14.490339397159527,17.324063783935998,0.0,0.0,0.0,0.0,17.324063783935998,0.0,0.0,0.0,0.0,0.0,10.65318144559104,1.310656283194275,109.08883284730881,94.59849345014926
Firm 304,2017,16.528953460433407,16.528953460433407,19.404775039999997,0.0,0.0,0.0,0.0,19.404775039999997,0.0,0.0,0.0,0.0,0.0,10.142841351191654,1.5702735101290963,132.9540576117752,116.42510415134177
Firm 304,2018,14.230390007575243,14.230390007575243,16.66274846278656,0.0,0.0,0.0,0.0,16.66274846278656,0.0,0.0,0.0,0.0,0.0,9.380460442802894,1.4617807098776239,138.91605150230055,124.68566149472532
Firm 304,2019,19.597945916337054,19.597945916337054,20.47392871525376,4564.423279735739,1802.1166141990113,1.0897381147272183,0.26226046230632716,20.47392871525376,2855.074358372778,0.9158373010745002,0.34100143556789375,0.8274776524208911,0.5748358655066065,12.136232575743794,1.5560238319419615,168.22682281170944,148.62887689537237
Firm 304,2020,18.460320063026888,18.460320063026888,17.590610390016,4451.902130749312,1301.1698792153452,0.817888009047848,0.2319403173651423,17.590610390016,3023.356990047668,1.0555865559286797,0.3019930998993711,0.5859476916827058,0.7535934560293087,11.441347213520487,1.5547180516111914,175.94981252328446,157.4894924602576
Firm 305,2016,67.66292413661185,67.66292413661185,0.0,1036.487455815,216.129651798,0.8278174862126169,0.3760540186287588,0.0,972.2280308595001,0.9231588901381466,0.46224171096466443,0.451763467583858,0.46091717917348207,55.64063305414656,1.1717859325540887,11153.325410718353,11085.662486581741
Firm 305,2017,79.87610092040192,79.87610092040192,1473.0215895898214,1126.4696519295,492.057892035,1.2584801777175123,0.36631131972127967,1269.0825263897805,970.9976944395,1.156485453793437,0.4230424447519194,0.8921688579962328,0.7334430090415177,52.02747867971584,1.4793592690335795,11903.981793384039,11824.105692463636
Firm 305,2018,86.758480725248,86.758480725248,805.4695656050586,1053.3070949295,291.89610567726,0.9098224626898429,0.36555698925510904,805.4695656050586,948.860052318,1.0087974855889774,0.4179433006531328,0.544265473434734,0.5908541849358445,48.421783592110074,1.7264767567293646,10970.578389011467,10883.81990828622
Firm 305,2019,83.830797200384,83.830797200384,613.7449823783527,864.083279661,289.63125695764495,0.9426708845258007,0.39115209847341087,613.7449823783527,777.635968578,1.0244528154934023,0.4431261217836387,0.5515187860523898,0.5813266937097635,46.0876723689984,1.7527032878291207,10807.550877449246,10723.720080248862
Firm 305,2020,81.96759770707968,81.96759769744385,1327.7347238906675,991.8572312324999,434.4976880715,1.183102020701343,0.36364939339191993,1327.7347238906675,912.098013141,1.2467142694827065,0.4108942762975366,0.8194526273094231,0.8358199931851699,48.00893164300288,1.6451660756856288,10944.681884754933,10862.71428703822
Firm 306,2016,16.251145935237123,16.251145935237123,0.03670047669248,-0.2772298520823,0.067472199,0.1547265401845278,0.14927058192565518,0.00132301046784,-0.2772298520823,0.1547265401845278,0.14927058192565518,0.005455958258872618,0.005455958258872618,1.4147140055244798,11.068911556476817,27.72614355485696,11.474997629255679
Firm 306,2017,8.835892798464,8.835892798464,0.016406366617599998,0.7214751953417999,0.0139542495,0.1309042921314114,0.12949128699541082,6.305693696e-05,0.7214751953417999,0.1309042921314114,0.12949128699541082,0.0014130051360005784,0.0014130051360005784,0.9278302156799999,9.176382470013865,18.369197776844796,9.53330546980864
Firm 306,2018,8.86463072768,8.864630043535358,0.02294821548032,13.2937124094348,33.210843726224994,0.7977738904995012,0.15601017872656028,0.00224364752896,13.2937124094348,0.7977738904995012,0.15601017872656028,0.641763711772941,0.641763711772941,0.8138633587507199,10.495393659462064,18.67466542930944,9.81003538577408
Firm 306,2019,8.98252745595904,8.98247105738752,0.01901919208448,40.329978704954996,106.529810949165,1.3722337420650175,0.5433121492417949,0.00171375341568,40.329978704954996,1.3722337420650175,0.5433121492417949,0.8289215928232224,0.8289215928232224,0.59858814190592,14.459724692446725,17.27077997842432,8.2883089210368
Firm 306,2020,0.0,0.0,0.0,33.665467884,75.660232311,1.0646802679083338,0.4636472512547181,0.0,33.665467884,1.1157086669352732,0.48586911227525714,0.6010330166536156,0.6298395546600158,0.0,0.0,0.0,0.0
Firm 308,2016,31.114540737536004,31.114540737536004,33.586079736832,21.69832898112735,-3.5352248477159995,-0.2928122538247973,0.31366961192857234,33.306392735744005,15.5920246295457,-0.8476298817235819,0.30438966105753196,-0.6064818657533697,-1.152019542781114,26.409085444096,1.1352711810298803,42.971180726271996,11.856639988736
Firm 308,2017,33.676127625216004,33.676127625216004,40.796290697216,23.98734495329115,-1.5590877509595003,-0.7768385774851,-0.17655057953421782,40.479992322048,17.928712317437252,0.19282994175578294,-0.18325474931028116,-0.6002879979508823,0.3760846910660641,32.140991848447996,1.009607230374972,46.86596509184,13.189837466624
Firm 308,2018,39.310405625856,39.310405625856,60.609060692992,22.5202967243811,-0.0025999768170000227,0.9441526618467913,0.949231922088763,33.417419774976,16.04097701053545,-0.3524899841303975,0.5013195199048692,-0.005079260241971791,-0.8538095040352668,33.571005428736,1.1283212227585353,43.18603779584,3.875632169984
Firm 308,2019,41.551643231232,41.551643231232,74.460035304448,19.919490722080802,-0.0025999768170000227,0.6327700228433455,0.6390624327135723,40.952071395328,13.379610708777149,-0.22623396726378459,0.6390624327135723,-0.006292409870226657,-0.8652963999773569,26.573801456640002,1.5066906651144196,47.654594035712,6.10295080448
Firm 308,2020,42.849673747456,42.849673747456,71.37414116352,17.39248674098295,-0.23708979491549997,-1.532193470687561,0.9624979259709763,39.391157819392,12.262500377567099,-1.6069403071622348,0.9624979259709763,-2.494691396658537,-2.569438233133211,22.920839095296,1.8013851873661273,54.848581132288004,11.998907384832
Firm 309,2016,164.899585895424,164.899585895424,13.558389074944,0.0,0.485442813,1.0185192482733927,0.6695002739276917,13.558389074944,0.0,1.0185192482733927,0.6695002739276917,0.34901897434570106,0.34901897434570106,98.371166057472,1.6152558614851047,263.670830102528,98.771244207104
Firm 309,2017,176.006439974912,176.006439974912,13.645648351232,0.0,0.0,0.0,0.0,13.645648351232,0.0,0.0,0.0,0.0,0.0,109.70072848896,1.5459969299461254,279.804740453376,103.798300478464
Firm 309,2018,175.8473108224,175.8473108224,13.560665060352,0.0,0.0,0.0,0.0,13.560665060352,0.0,0.0,0.0,0.0,0.0,90.413866259456,1.8740892538014886,276.240105982976,100.392795160576
Firm 309,2019,193.474053685248,193.474053685248,13.548696383488,0.0,0.0,0.0,0.0,13.548696383488,0.0,0.0,0.0,0.0,0.0,108.987860373504,1.710543742278737,303.248869257216,109.77481557196799
Firm 309,2020,193.883586521088,193.883586521088,13.144983595008,0.0,0.0,0.0,0.0,13.144983595008,0.0,0.0,0.0,0.0,0.0,117.470097608704,1.5903887511581782,305.052949037056,111.16936155238399
Firm 31,2016,3.8430248725685248,3.8430248725685248,-0.0053602933933056,0.11908877850585001,15.082260565796702,2.0208921778656626,1.4481254658519704,0.0008090565392384,2.9575257450472496,1.9894994204114156,1.447424426492887,0.572766712013692,0.542074993918529,0.9143380671271937,4.050008866462227,6.276749208485274,2.433724335916749
Firm 31,2017,3.7964168273079295,3.7964168273079295,0.0,2.62011256552695,9.50055085527915,1.1251166179944159,0.9242701069854131,0.0,6.26803554821355,1.0793580734072794,0.8919972904810574,0.20084651100900286,0.187360782926222,0.33673159680501763,10.863745923560963,3.7964168273079295,0.0
Firm 31,2018,0.0,0.0,0.0,52.70853878275695,45.073614309068105,1.088753524426959,0.6829119446268247,0.0,38.19209416233855,0.9447691920048398,0.6640584440521924,0.4058415798001347,0.2807107479526474,0.0,0.0,0.0,0.0
Firm 31,2019,0.0,0.0,0.0,63.31118335394865,40.4028207142074,0.9446387039540565,0.6403522617302979,0.0,43.82636290607444,0.9527977430333948,0.6152504877778522,0.3042864422237586,0.3375472552555425,0.0,0.0,0.0,0.0
Firm 31,2020,0.0,0.0,0.0,126.26506431394785,142.2773979916569,0.9396234594612823,0.5024674695852299,0.0,138.16887088161093,0.8317336668581181,0.41811912365308024,0.43715598987605303,0.4136145432050379,0.0,0.0,0.0,0.0
Firm 311,2016,6840.779387469179,8220.042475015485,2210.9668491883112,0.0,0.0,0.0,0.0,-1862.2405060047051,0.0,0.0,0.0,0.0,0.0,4511.419303775437,1.4611068316746316,139095.39206788267,130875.34959287684
Firm 311,2017,13519.064138509968,14592.772217292073,11493.619715365376,0.0,0.0,0.0,0.0,9777.534671367699,0.0,0.0,0.0,0.0,0.0,8883.247498872339,1.466440499433978,295913.90362994064,281321.13141265826
Firm 311,2018,11619.332528569139,12505.903644956496,16553.861171559507,0.49435884300000005,1.2574835449350001,1.0025906446848296,0.3467967853033708,12009.157860280216,0.49435884300000005,1.0025906446848296,0.3467967853033708,0.6557938593814587,0.6557938593814587,7935.936281450333,1.4108231868467829,280664.4245844181,268158.5209394616
Firm 311,2019,11379.714395502377,11427.205657010543,18988.452772987905,8.328936873,11.904934987140003,0.8711699417439177,0.2228358821504834,12719.398351671533,8.328936873,0.9756594170051798,0.3273253574117455,0.6483340595934344,0.6483340595934344,7918.799911071745,1.3847187502167484,302099.26177189586,290672.0561148853
Firm 311,2020,11808.497971322675,11565.761034551193,19180.016479236354,35.6652983925,35.41131257592001,0.9189421700916048,0.1749978148465615,10830.966261636597,35.6652983925,0.9868222033013905,0.24287784805634693,0.7439443552450434,0.7439443552450434,8655.247076931779,1.3146337254224953,321563.5998131891,309997.838778638
Firm 314,2016,3.36406071245824,3.3640607028224,0.0,54.02510259996,17.0417750925,0.851489438952654,0.5448329494528353,0.0,47.48895285304501,0.8912219094441051,0.5868961249254988,0.3066564894998187,0.3043257845186062,0.22618055949312,14.331713940481091,3.372544,0.0084832971776
Firm 314,2017,3.796195855141581,3.7961957439439873,0.0,55.457302605405005,22.924122098999998,0.9626767714418585,0.5476375024437108,0.0,43.70084886873,0.8779797744406731,0.5885114443029608,0.4150392689981475,0.2894683301377124,0.25459291477800966,14.367853049132457,3.7961957439439873,0.0
Firm 314,2018,3.8373958233601027,3.8373958233601027,0.0,70.50616601922,36.589236672,1.3360894091584332,0.5947569061456308,0.0,44.83300447459499,1.0137225154134903,0.6321085932816479,0.7413325030128024,0.38161392213184236,0.2573560094352384,14.36785263017962,3.8373958233601027,0.0
Firm 314,2019,0.0,0.0,0.0,66.45228252544501,15.023139522000001,0.9091935075601363,0.6091016067022446,0.0,43.277581082295,0.9929337911616006,0.6361612822453363,0.3000919008578917,0.3567725089162644,0.0,0.0,0.0,0.0
Firm 314,2020,0.0,0.0,0.0,71.676578454675,18.847546599,0.8901842052496637,0.5665139427994531,0.0,49.49850381243,0.917429207757177,0.5886615964801357,0.3236702624502106,0.3287676112770413,0.0,0.0,0.0,0.0
Firm 316,2016,204.71527383668848,217.01340191044486,0.0,134.64434305641,84.790363743915,1.066490906616464,0.4261084095673616,0.0,47.151999827939996,1.5736940020914882,0.8729183596210187,0.6403824970491023,0.7007756424704694,156.3431224015755,1.2617143587421649,597.1740483394138,380.1606464290653
Firm 316,2017,202.03462407171554,210.20154494660412,-0.4720821330446336,130.130439285315,75.269293102845,1.0251993629579486,0.39671961990848925,-0.14733249996339198,17.921834569035,1.3621207086847962,0.7086757083414905,0.6284797430494595,0.6534450003433059,148.1830620958932,1.31376237235224,550.1409561427148,339.93941119611065
Firm 316,2018,404.449608031386,414.51561287653135,43.0151277467268,120.22413208912499,73.50491169114,0.9977764156115118,0.3811569626695424,-193.0833185709605,9.31933249527,2.4708156597642783,1.863379678997107,0.6166194529419696,0.607435980767171,256.3753391702064,1.520119572992865,1387.7625237817233,973.2469109052882
Firm 316,2019,453.63206707945625,469.00928041350727,0.146464768,112.45793603392501,73.32571824777,1.0034563736090483,0.3745840356897605,0.01445376,3.4584908206200002,1.6333656084170451,0.9970308457425175,0.6288723379192878,0.6363347626745275,241.94129608980367,1.8066886835327338,1292.5880081357652,823.5787277221618
Firm 316,2020,420.41654949420615,450.17898840026544,-0.87975189328896,131.20224766023,70.88033921032499,1.0156783273563754,0.37457464433441945,-0.0376752166825984,8.588141709510001,1.7520511226297713,1.1078881590440923,0.6411036830219562,0.644162963585679,225.33296720156997,1.797813544368942,1277.7281550746266,827.5491662299562
Firm 317,2016,96.223612906496,96.223612906496,1291.377182619648,328.3438646025,187.9577560455,1.0581273557394748,0.3627449908175579,1291.371329810432,272.903105085,1.0529147227148554,0.4050154204227222,0.6953823649219169,0.6478993022921332,71.44827257139201,1.2977155427550264,8055.398826753025,7959.175213846528
Firm 317,2017,148.441015187456,148.441015187456,2245.522597900288,404.48011601283,257.84821764354,1.178035158632036,0.3403698407228212,2245.5211939583996,312.79971780448506,1.1015393682503323,0.39774559382205754,0.8376653179092145,0.7037937744282747,129.992889233408,1.1003323952709692,10353.11359066931,10204.672575481856
Firm 317,2018,175.607751313408,178.11306971340798,2520.011436215296,461.291233734,226.0445279805,0.9413908268403609,0.3313647394626426,2520.011341784064,381.238289244,0.9956192327381337,0.38110727750747564,0.6100260873777182,0.614511955230658,137.380822663168,1.2317062611894312,12660.217177900031,12482.104108186624
Firm 317,2019,219.119241532416,222.491785532416,2275.2177909688317,439.8164880315,197.10605241300001,0.8952712182044635,0.32776151355240807,2275.2177909688317,352.581701253,0.9367841057221369,0.37537441816533734,0.5675097046520555,0.5614096875567995,167.075293043712,1.263740385465198,14638.011053541377,14415.51926800896
Firm 317,2020,230.57781822566398,234.432154225664,2150.0699996221438,452.481605478,191.05077891,0.976224192743255,0.31370415207922026,2150.0699996221438,378.487841643,1.051513612207942,0.373679600441692,0.6625200406640347,0.6778340117662499,164.18903327232,1.353203024398432,15949.164506558463,15714.7323523328
Firm 318,2016,679.5773454101734,730.9853338615965,1150.8492175534147,46.236834584722054,-1.4472119980365,0.21478714080528874,0.32821807666047736,422.6461628830883,47.85207299897265,0.278385036931886,0.42548906500170397,-0.11343093585518865,-0.14710402806981798,448.2719082795637,1.4607871800686947,3163.698270370523,2432.7129365089263
Firm 318,2017,551.0401578468401,595.2038142222485,1056.5516056833874,15.40972722565185,-4.962297999615,-0.07574366238236833,0.46053279666940655,327.03887859982945,15.725100880269448,-0.10585235492333786,0.6435981508366446,-0.5362764590517749,-0.7494505057599825,412.4017241840819,1.2875151783353875,3204.5047686219764,2609.300954399824
Firm 318,2018,552.9132694913253,600.4388505043501,1113.2541799814408,15.745101681369599,6.534733849169999,1.5089343671015991,0.6265880862974129,371.14915740510156,17.921606235185703,2.1286432892808067,0.8839234854212089,0.8823462808041861,1.244719803859598,442.8413227099179,1.203090932456916,3185.468848692565,2585.029998188215
Firm 318,2019,573.8887191590278,548.7848421339156,968.3129380625404,16.2072282477321,2.8803060569700003,1.4822194173293712,0.9250248000741826,441.1550403670964,18.4169005145472,2.4718851113845077,1.5426562384971756,0.5571946172551887,0.9292288728873322,393.41476119858424,1.4056157574702683,3343.438206538305,2794.6533644043893
Firm 318,2020,0.0,0.0,0.0,19.11965848053345,1.38163639479,0.9889022967747457,0.7561056901997038,0.0,21.544227400222052,1.5690444144368199,1.199704052006187,0.23279660657504195,0.3693403624306329,0.0,0.0,0.0,0.0
Firm 319,2016,4.799940881213439,4.799940881213439,0.000963584,20.3578378425,5.944780986,0.6163817415062133,0.271299087189375,0.000963584,19.639502079,0.7024590749124817,0.309171921744227,0.34508265431683827,0.39328715316825474,0.07996526339071999,57.83944225237081,4.99346622454784,0.1935253433344
Firm 319,2017,4.829371646597119,4.829371646597119,0.0,28.8121272825,21.240733989,1.403959754525317,0.19637470023902423,0.0,28.446729064499998,1.5971866344604226,0.22339988660939186,1.2075850542862927,1.3737867478510306,0.06921958661119999,67.22815718118842,4.99720344654848,0.16783179995136002
Firm 319,2018,4.398388052992,4.398388052992,0.000963584,23.8334047725,4.003907015999999,0.4673078000691282,0.216325944522946,0.000963584,24.253445382000002,0.5575311409962215,0.24750498292229314,0.2509818555461822,0.3100261580739284,0.152147022848,27.856058398778952,5.015473028096,0.6170849751040001
Firm 319,2019,5.03837838336,5.03837838336,0.0,10.5596717355,0.669052455,0.18576019474386316,0.1464906902474172,0.0,11.823938287499999,0.2107215468048864,0.16620600754091655,0.03926950449644595,0.04451553926396984,0.123708768256,39.244597328015956,5.0416642048,0.00328582144
Firm 319,2020,0.0,0.0,0.0,21.5851757505,28.420667187000003,1.2277756474715031,0.10032850842641827,0.0,24.380286793499998,1.4109821348789866,0.11529937026815541,1.1274471390450849,1.295682764610831,0.0,0.0,0.0,0.0
Firm 32,2016,512.619684750791,522.1211522910475,341.80618065472106,0.0,0.0,0.0,0.0,300.9337023185176,0.0,0.0,0.0,0.0,0.0,394.9416450377765,1.2506964826757108,1579.167045447586,1057.0458931565386
Firm 32,2017,482.27871531200003,556.8736182834971,368.3356716676848,16.111548787575,22.166487494595,0.9180602169786718,0.47990172239083595,318.6583346985154,9.745943433285,0.92184767244296,0.5349773880092412,0.438158494587836,0.3868702844337188,410.62455222949046,1.1317298273861545,1666.8789202622054,1110.005301978708
Firm 32,2018,540.1967053512716,449.8996032169086,386.2301216869146,14.706639339674998,24.826924810199998,0.91717769185184,0.5339042823914422,335.9881705708867,7.019067903675,0.936186690453017,0.5856694546923655,0.3832734094603977,0.35051723576065147,383.8955869970606,1.3559022811407966,1715.4474082996708,1265.5478050828585
Firm 32,2019,0.0,0.0,0.0,14.31530487312,18.974696522174998,0.8703461393468807,0.6028001308244907,0.0,11.7588196554,0.9258843689356924,0.6531909089140071,0.2675460085223899,0.2726934600216853,0.0,0.0,0.0,0.0
Firm 32,2020,0.0,0.0,0.0,18.01224768483,17.302865025735,0.8931536339907465,0.5906638916244078,0.0,14.240991807510001,0.9477749745453962,0.6697896766456373,0.30248974236633863,0.2779852978997588,0.0,0.0,0.0,0.0
Firm 321,2016,0.0,0.0,0.0,0.34020661308135,4.9286952525,0.9780041003175431,0.2119376645419404,0.0,0.34020661308135,0.9780041003175431,0.2119376645419404,0.7660664357756028,0.7660664357756028,0.0,0.0,0.0,0.0
Firm 321,2017,3.8444708270079997,3.8444708270079997,0.0,0.38632733418495,4.80870453228,1.00269069622961,0.2561179327498378,0.0,0.38632733418495,1.00269069622961,0.2561179327498378,0.7465727634797721,0.7465727634797721,0.25862112768,14.323928638789845,3.856033835008,0.011563008
Firm 321,2018,110.77643030528,128.74700981043202,10.773637096448,0.3503445506349,4.80995408265,0.9725396709171157,0.2457044409609211,-1.011367166976,0.3503445506349,0.9725396709171157,0.2457044409609211,0.7268352299561945,0.7268352299561945,62.227587919872,1.7153548673095103,1592.21697046528,1463.469960654848
Firm 321,2019,242.19538740890695,291.6642370783241,11.974966176768,0.5224826399887501,4.79801992917,0.958443233989143,0.23622428730223616,-6.5990674442240005,0.5224826399887501,0.958443233989143,0.23622428730223616,0.7222189466869069,0.7222189466869069,51.830941650253315,4.5026309140938325,1746.336262435636,1454.6720253573121
Firm 321,2020,295.16491458904096,295.16491384977934,46.127034505594885,0.48784678585214997,3.46583573634,0.8168696230288774,0.27867359816261417,24.632233560985597,0.48784678585214997,0.8168696230288774,0.27867359816261417,0.5381960248662634,0.5381960248662634,167.5477826366342,1.6975228474147472,6850.295492567302,6555.130577978261
Firm 322,2016,2106.880505450496,2106.880505450496,2193.4639875174403,499.918563459057,82.741986957,0.8859563277625805,0.36454275748547016,2092.1561373378563,64.28780607327916,1.5669730690241834,1.0201308715698232,0.5214135702771103,0.5468421974543602,1711.220666934272,1.1863790475375253,6463.420599641087,4356.540094190592
Firm 322,2017,2301.500788555776,2532.760948555776,2178.6813582254076,481.6495656495,96.4269524745,0.9609934663406021,0.3721691094011793,2084.124817907712,59.316193356,1.5947558270437217,1.1533548943720833,0.5888243569394227,0.44140093267163844,1641.309461161984,1.3511707501336707,6729.568742538239,4196.807793982464
Firm 322,2018,2050.841697652736,2580.812897652736,2161.643069366272,496.4081110050681,83.2893469605,0.9136867953842379,0.3987701002698855,2022.2122467962881,58.4749821413166,1.5473610989474411,1.0653588280793718,0.5149166951143525,0.48200227086806957,1329.4710642067353,1.4864244131331599,6143.97040191488,3563.157504262144
Firm 322,2019,2070.252450767872,2262.969250767872,2228.812958636032,528.420014139,125.9950445745,0.94324590378992,0.4203272257460488,2103.0487163525117,68.4723381015,1.4185567879747039,1.0600454547788267,0.5229186780438712,0.35851133319587714,1399.098953715886,1.4258191904314756,5825.232794791936,3562.263544024064
Firm 322,2020,2000.7959516129279,2135.697711612928,2179.242093771776,403.0466061555,200.694625764,0.9958332775659348,0.3738130550013253,2029.6970127093757,58.3103620035,1.1685212159667955,0.560699896537929,0.6220202225646093,0.6078213194288665,1395.2783960277402,1.381756480805327,5885.118079598592,3749.4203679856637
Firm 324,2016,52.133514943637614,52.133514943637614,133.97503512829275,2.0733653517771002,6.7394992995,1.063135909564833,0.42763495419449227,23.415380157739108,2.0733653517771002,1.0631359095737578,0.42763495420341735,0.6355009553703403,0.6355009553703403,32.09663254258329,1.5651181100323286,266.8563923680425,214.72287742440489
Firm 324,2017,46.97623211103345,46.97623211103345,126.68939591819777,2.2736362510713,6.837801843,1.0069446303777188,0.37168069620553046,22.65032117585285,2.2736362510713,1.006944630377719,0.37168069620553046,0.6352639341721885,0.6352639341721885,30.2059483198336,1.4985639637328034,246.93701837756393,199.96078626662688
Firm 324,2018,50.52258506695802,50.52258506695802,140.53225062351402,2.4630590272653,6.863463351,0.9828164927523733,0.35762706294165886,24.268464598938827,2.4630590272653,0.9828164927523731,0.35762706294165886,0.6251894298107141,0.6251894298107141,29.517976970654107,1.6492578287989934,281.7366234904524,231.21403842349434
Firm 324,2019,55.057675517326025,55.057675517326025,147.32518443115868,0.8003470802841001,7.242600963,0.9947123568169065,0.3308933769272479,25.81198401363108,0.8003470802841001,0.9947123568169065,0.3308933769272479,0.6638189798896587,0.6638189798896587,29.954934887969998,1.771083642949036,277.64770455045897,222.59002903313296
Firm 324,2020,53.50750905930578,53.50750905930578,147.94762020960627,0.56479551379005,5.0982399045,0.7800645271969772,0.3025767715404465,26.546638062127002,0.56479551379005,0.7800645271969772,0.3025767715404465,0.4774877556565307,0.4774877556565307,30.191047547049063,1.7077572260138945,299.33972546180007,245.83221660012535
Firm 325,2016,285.12908329850876,285.12908327923714,477.7375405923123,15.2790723981168,1.1980519638586502,0.16464818413050203,0.044247849585692,240.99988561949695,4.57122439347645,0.0,0.0,0.12040033454481006,0.0,209.18152376032256,1.3134325520829,1321.271786564055,1036.1427041616794
Firm 325,2017,339.565646319104,339.565646319104,439.2240976785408,14.4821582699253,1.3768404469197,0.1833756931002217,0.04015399990446819,252.69893696636925,3.7928350120342498,0.0,0.0,0.14322169319575348,0.0,223.8009301228544,1.4620136903056333,1384.1236783316479,1044.5580321570817
Firm 325,2018,334.2880328654848,334.2880328654848,479.51931609095163,13.7169266839779,3.804573013895401,0.42793294338730375,0.0376270755522441,332.521848242688,4.347587344941299,0.0,0.0,0.39030586783505955,0.0,256.86272335240193,1.254034044553562,1507.0172114803506,1172.7291788268542
Firm 325,2019,326.84875614385146,326.84875614385146,410.7111266193715,13.02797492845545,2.3016700140458997,0.27473313070059313,0.04356589458843977,294.8863318664909,3.38419130008755,0.0,0.0,0.2311672361121534,0.0,240.29589705586687,1.3106600474617947,1498.6034771083466,1171.7547209741313
Firm 325,2020,0.0,0.0,0.0,12.3648850093617,1.3381776493768502,0.18044929758905837,0.045283228795181485,0.0,2.9983650129039,0.0,0.0,0.13516606879387688,0.0,0.0,0.0,0.0,0.0
Firm 33,2016,801.4392142947147,801.4392142947147,0.7203229794303996,17.08449061857,190.32215853429,0.8902986097513877,0.28334477183388196,-4.4452379792281596,14.654328982200001,0.9357371495697329,0.34089556773207264,0.6069538379175057,0.5948415818376601,455.459204293554,1.6955503293972796,6805.505352215329,6004.066137920614
Firm 33,2017,733.962599916569,733.962599916569,19.3464584063488,1.71156100431,145.11179045343104,0.9468044101488506,0.33955894330690095,12.07794399414272,1.51060754487,0.9508461385993233,0.34095642098948326,0.6072454668419497,0.6098897176098401,438.4916378628664,1.6128805131266546,6546.102206432935,5812.139606516365
Firm 33,2018,633.7687276939246,633.7687276939246,17.21994923615232,-5.08586312976,142.3231602902475,0.9842826896693966,0.3578179177649242,11.36448455609344,-5.098149504285001,0.9842826896693966,0.3578179177649242,0.6264647719044725,0.6264647719044725,398.26739821681934,1.5333652928672796,6136.788624034064,5503.019896340139
Firm 33,2019,622.991095974342,622.991095974342,14.870205182750722,0.42483620319,143.34064480403998,1.0202497129470753,0.34519409241921284,10.818628240240642,0.42483620319,1.0203078581554244,0.34519409241921284,0.6750556205278624,0.6751137657362114,467.45450868989997,1.2841982290549907,6127.1078635239655,5504.116767549624
Firm 33,2020,5.202708384635392,5.202708384635392,0.65685123883008,0.0,0.0,0.0,0.0,0.49645214042111996,0.0,0.0,0.0,0.0,0.0,2.6105250969189373,1.9203977628935174,74.34446042672998,69.1417520420946
Firm 34,2016,11206.21226583552,11206.21226583552,8772.4951382016,0.0,0.0,0.0,0.0,6817.399238166528,0.0,0.0,0.0,0.0,0.0,7269.521977070592,1.485397096813536,123131.66384859443,111925.4515827589
Firm 34,2017,10971.094516371037,10971.094516371037,12550.060777802897,5.246921411649,4.966394205525,2.819749013844528,1.7124955315935877,5780.7811397497235,5.093466582617549,3.0971373777467353,1.8834797246863175,1.1072534822509403,1.2136576530604177,7076.51974728809,1.4938941055755797,133659.76186910333,122688.66735273208
Firm 34,2018,10879.223815875903,10879.223815875903,17214.590025336,19.6170379233414,16.700367043335,1.2352715763429667,0.6508566192146779,4497.979966602178,17.4207952654302,1.511076572912261,0.8198767340846734,0.5844149571282891,0.6911998388275878,6783.113293643953,1.5454623190828902,137198.16553400533,126318.94171812912
Firm 34,2019,10307.99849323532,10307.99849323532,20729.165313394176,19.6113506017134,8.37089572911,1.0432090692540548,0.5025551992721011,-181.61213581932546,14.3526602025381,1.3092317489707526,0.6860041794583339,0.5406538699819532,0.6232275695124186,6328.0862197710385,1.5696092112450772,177652.79142332898,167344.79293009327
Firm 34,2020,9526.515250384457,9526.515250571007,20510.750552229027,22.408430180903103,7.693668060195001,1.6351444297089759,0.7960690492918672,8145.6173201777865,14.884318076662948,1.6555311558594332,1.2550342139844,0.8390753804171087,0.4004969418750331,6443.117304809461,1.4247137273403903,185108.32863145974,175581.8133810368
Firm 35,2016,99.31605317421425,149.27046515443212,202.26810579707902,-24.577208958,26.358798336000003,1.0951498291514603,0.3560273814588851,197.41377974347773,-24.577208958,1.0951498291514603,0.3560273814588851,0.7391224476925752,0.7391224476925752,70.97101065314479,1.348428871184203,1867.932068948976,1718.6616037945435
Firm 35,2017,265.2747806424918,313.3879164145994,333.5098730489171,-2.5919438715,83.31859759650001,1.135042002520806,0.22925612942093349,332.8323082326253,-2.5919438715,1.135042002520806,0.22925612942093349,0.9057858730998724,0.9057858730998724,188.1159071790641,1.3588140315390766,4097.860577704884,3784.472661290285
Firm 35,2018,237.5928940434379,297.89463020537096,328.6631576813261,11.920033593,69.7887303015,0.9108401006871257,0.10901496340467375,327.97326001123326,11.920033593,0.9108401006871257,0.10901496340467375,0.8018251372824521,0.8018251372824521,145.5995654749609,1.5723996872320578,3915.1381566407485,3617.243526435377
Firm 35,2019,257.1825333498884,322.899409561404,309.4448984603034,10.289976972,64.78940154,0.9510396720973842,0.1254110153133166,308.8307318727885,10.289976972,0.9510396720973842,0.1254110153133166,0.8256286567840675,0.8256286567840675,151.70592545485752,1.6335352325388284,4433.39909643489,4110.499686873583
Firm 35,2020,259.09224832985046,308.6329722677002,877.6717944387071,-12.1388975205,61.9028330415,1.0729376331553568,0.19786480446685717,877.3158024155033,-12.1388975205,1.0729376331553568,0.19786480446685717,0.8750728286884997,0.8750728286884997,149.53521440269424,1.6695541984000555,5039.975691073472,4731.342718797581
Firm 36,2016,21.1883931136,21.1883931136,0.003039143936,0.0,0.0,0.0,0.0,0.001552333824,0.0,0.0,0.0,0.0,0.0,4.205043842058035,4.855311230235055,29.309116758016,8.120723644416
Firm 36,2017,21.947498807296,21.947498807296,0.001323964416,0.0,0.0,0.0,0.0,0.00080941056,0.0,0.0,0.0,0.0,0.0,3.185218991123456,6.639499120677516,28.058975403008,6.111476595712
Firm 36,2018,24.33894663168,24.33894663168,0.000389287936,3.665247423,15.980808222000002,0.9888282355109554,0.3007983798835756,0.000389287936,-3.7017501420000003,1.1441902711320482,0.47908341723066794,0.6880298556273798,0.6651068539013804,2.710836753007002,8.651431896489477,27.970413361151998,3.631466729472
Firm 36,2019,23.38924462984192,23.38924462984192,0.0,16.309595820000002,35.0266588755,0.9805140554846515,0.23795554124238605,0.0,-2.5604613885,0.9701741194971395,0.35594209313354513,0.7425585142422656,0.6142320263635944,3.2509626572633086,6.932562527917155,27.621449594378237,4.2322049645363204
Firm 36,2020,23.058073163152386,23.058073153516546,0.0,24.052961537999998,31.989681115499998,1.034577433083618,0.26021788515094973,0.0,-0.1307883165,1.10804859308072,0.3818269181015146,0.7743595479326681,0.7262216749792053,2.6108836453690367,8.509912117398304,27.158428663582715,4.100355510066176
Firm 37,2016,3.214939237376,3.214939237376,0.0,1299.8575109384699,881.155144935,1.029992480997728,0.28464906793487377,0.0,1033.824004237635,1.0364302619807977,0.300960369878716,0.7453434130628542,0.7354698921020817,0.49050003300669437,6.315726404987695,3.266517961728,0.051578724352
Firm 37,2017,3.153888482304,3.153888482304,0.0,1295.355680759235,783.0184959570752,0.909825738591126,0.27443787534392017,0.0,991.2230046770999,0.9171763497713729,0.2929760372871782,0.6353878632472058,0.6242003124841946,0.4816803859453952,6.309238590580544,3.2078491863039997,0.053960704
Firm 37,2018,3.594383199232,3.594383199232,0.0,1236.7126017613757,702.493773463875,0.8579577364146217,0.2756533021028224,0.0,949.4346428355458,0.92956038823504,0.29930012363128095,0.5823044343117992,0.630260264603759,0.2444405655209984,14.169048141689233,3.606639987712,0.012256788480000001
Firm 37,2019,4.290508273940685,4.290508273940685,1.424056704,1215.3051317107147,739.787960685675,0.9043457790413336,0.27252632457526216,0.161141115904,919.5042138940883,0.9544362436253385,0.29048661504319306,0.6318194544660715,0.6639496285821455,1.5431892520777726,2.679039605200999,6.765771592943923,2.4752633190032385
Firm 37,2020,4.837886246764544,4.837886246764544,8.497193022464,1212.5465411260175,662.673769801305,0.8147572550311971,0.2731022569977326,1.2637424370210817,893.8792106136107,0.8489853071234478,0.2921116223718441,0.5416549980334645,0.5568736847516036,2.3517313412381697,1.9822458881497957,13.23077494135982,8.392888694691635
Firm 38,2016,3510.287949629666,2992.69814404015,4720.385307741928,377.0153802247014,266.8447871690092,0.8465127538186243,0.2787580692741649,3527.892630087857,166.8088948477473,0.8992982257967722,0.3051624823311912,0.5677546845444594,0.5941357434655811,3238.0808815027476,1.0445870339366576,12454.4777499247,9461.77960588455
Firm 38,2017,3542.1335045487326,2912.108895313051,5103.617038852789,513.0340885445889,344.29325657482514,1.0530561462498074,0.3000981780654802,3792.9708536877274,213.36542876056396,1.0561038463284889,0.3124902431003583,0.752957968184327,0.7436136032281304,2431.659392765449,1.40362716135397,13243.488500226204,10331.379604913154
Firm 38,2018,3145.330458431654,2856.2552584331956,5197.801119238287,588.2343309489929,286.1916701119664,0.9205513004955452,0.30291929902960085,3649.12853729151,242.08715276377018,0.9598100589504925,0.3152113607337012,0.6176320014659444,0.6445986982167914,2431.659392764967,1.2463875958430122,14161.924323107281,11305.66906467418
Firm 38,2019,0.0,0.0,0.0,598.0001743069225,271.91006482739283,0.8930218322144496,0.30801602857380606,0.0,247.12059494462895,0.9378623869087984,0.3247051728304131,0.5850058036406436,0.6131572140783852,0.0,0.0,0.0,0.0
Firm 38,2020,0.0,0.0,0.0,718.4691499531318,363.88389772672383,1.058036590710484,0.29926037121379473,0.0,282.3423222069264,1.0269210362906696,0.28265886156016995,0.7587762194966894,0.7442621747304996,0.0,0.0,0.0,0.0
Firm 39,2016,57.10345539269304,57.10345539269304,10.21882601140224,0.0,0.0,0.0,0.0,10.21882601140224,0.0,0.0,0.0,0.0,0.0,21.012306846664906,2.6186546942534386,62.328618148974584,5.225162756281549
Firm 39,2017,60.459657739798736,60.459657739798736,10.379847296000001,0.0,0.0,0.0,0.0,10.379847296000001,0.0,0.0,0.0,0.0,0.0,24.10099579717212,2.4172428116178457,65.09288503928668,4.633227299487949
Firm 39,2018,57.146115169376365,57.146115169376365,10.545354411008,0.0,0.0,0.0,0.0,10.545354411008,0.0,0.0,0.0,0.0,0.0,18.532444237548034,2.9712800715084646,60.895575193565186,3.749460024188825
Firm 39,2019,65.2875594257064,65.2875594257064,10.46635786752,1.5447975357948,0.2834284785,4.17098871860542,3.5855862101371447,10.46635786752,0.79416249926385,33.1827363445181,32.59660550725726,0.585402508468275,0.5861308372608296,21.96398518029312,2.86423648282667,67.67416069121761,2.386601265511219
Firm 39,2020,67.88667778019891,67.88667778019891,10.24137063936,6.7476735504459,3.258555303,1.6075451133787821,0.9850234701100118,10.24137063936,2.1591399279522,5.77263878728817,5.397792164263046,0.6225216432687707,0.3748466230251245,22.728727852048486,2.878054458127516,70.04233186290033,2.1556540827014143
Firm 4,2016,23862.762984453122,16919.338528463883,29424.574691845777,-18.2970991125,17.1259757325,0.8480319666834298,0.14393014087976755,22344.199923195076,-8.0784977055,1.080208995255039,0.20044072096566948,0.7041018258036623,0.8797682742893694,16573.6448,1.387369940956577,67404.34912895283,50485.010600488946
Firm 4,2017,23493.658823091548,16415.92303707955,32935.401421443545,22.6401446505,75.535951182,1.4747780162026702,0.14751902195518962,23963.91070919215,28.170346331999998,1.707291261039419,0.21377188106951303,1.3272589942474804,1.4935193799699062,16332.7488,1.3860565677340149,73034.62925990282,56618.70622306417
Firm 4,2018,25284.403790956665,18249.584833298955,35867.63798239456,80.38378315349999,119.4269952315,1.7279676397368235,0.0929706440629182,25760.39015757992,78.491191095,2.11904091325222,0.1622741690769764,1.6349969956739052,1.9567667441752434,17103.615999999998,1.4244734530116432,81184.82926916651,62935.24443586756
Firm 4,2019,26861.460362568705,20795.976010115748,36135.46310690621,99.56912897699999,35.884203966,1.2088229456905473,0.05478095731233111,25512.748836142062,92.3842843905,2.5862565010321075,0.23535072807082993,1.1540419883782163,2.3509057729612777,17219.24608,1.5031595054599163,84801.52397683568,64005.5479667392
Firm 4,2020,28772.492631044093,22827.370033718274,34922.70255395951,43.5722609565,6.5679878205,-10.736083763858248,-0.5462372936971152,24996.021042317076,55.424781651,-3.408469957460138,-0.21127939580074134,-10.189846470161132,-3.1971905616593967,19600.262144,1.4145072823874978,94065.0810325679,71237.71099874364
Firm 40,2016,487.1202371745904,355.32086470263613,1358.023150850263,14.584115908500001,18.229866378,1.3248403835028073,0.6060568478749145,1272.368235493905,11.707275537000001,1.3811527414508307,0.7220134725544897,0.7187835356278929,0.6591392688963409,535.0269633610701,0.8773039468309418,2901.8817923859524,2546.560927683316
Firm 40,2017,520.7589138509401,386.95290092213116,1306.1870660757093,47.936221305,61.446479012999994,1.1414542579377673,0.4454476593831472,1230.0252584626792,44.1460671165,1.1820857714893838,0.4817732573967381,0.6960065985546201,0.7003125140926457,398.5047437068522,1.2591944391338896,2923.95557573389,2537.002674811759
Firm 40,2018,590.552754179514,456.62295676401845,1183.6265637070746,85.5618499215,73.1653539075,0.9723043939345505,0.33691550557540306,1077.2896132536669,79.6356979485,1.0264516314593828,0.40482590601049934,0.6353888883591474,0.6216257254488835,374.6069299166429,1.5190514099937673,2801.8721295819264,2345.249172817908
Firm 40,2019,577.6582650185605,463.2783547896608,1162.646365587804,147.3198731955,111.9317734185,1.176477245296759,0.3729846553938914,228.5288653010432,143.3461595295,1.1428615083919662,0.4308243091473564,0.8034925899028674,0.7120371992446097,350.10950269511363,1.5898519102018458,2962.0984739152696,2498.8201191256085
Firm 40,2020,568.9705549359935,485.28141366876116,1184.4607566743346,238.0791656865,146.762332638,1.2434785857577595,0.35197578006212393,471.0140083036467,223.3417650495,1.3231242255482167,0.4319637042086995,0.8915028056956357,0.8911605213395173,361.03759830624995,1.5185424614485463,2858.7103594946225,2373.428945821139
Firm 41,2016,5.896785366369996,5.896785366369996,6.19947783168,5.8747726500936,20.11315197525,0.8995644322275163,0.2076350848552718,6.19947783168,5.8747726500936,0.8995644322275163,0.2076350848552718,0.6919293473722445,0.6919293473722445,1.9356598951412736,2.9354578481120845,6.797868609709364,0.9010832433393665
Firm 41,2017,5.581563962443878,5.581563962443878,6.20648244175872,6.31413303747465,20.410814498115,0.9685828593140409,0.22837632973667069,6.20648244175872,6.31413303747465,0.9685828593140409,0.22837632973667069,0.7402065295773703,0.7402065295773703,1.8663806110323713,2.8816768120049003,6.518298936150938,0.9367349737070593
Firm 41,2018,5.297307288538214,5.297307288538214,6.3766787901235205,4.40459508717165,18.307522510005,0.949604949488446,0.2598828847789089,6.3766787901235205,4.40459508717165,0.9496049494884462,0.2598828847789089,0.6897220647095372,0.6897220647095372,1.8893038143773697,2.7017362202282906,6.232644413098906,0.9353371245606911
Firm 41,2019,5.247981191065395,5.247981191065395,6.40151474374656,5.00138727510315,18.855602534985,0.9683061391295884,0.2473032677017012,6.40151474374656,5.00138727510315,0.9683061391295884,0.2473032677017012,0.7210028714278872,0.7210028714278872,1.997363696914125,2.531772613983268,6.394598241861631,1.1466170507962368
Firm 41,2020,6.209776944319693,6.209776944319693,6.20521837372416,7.769665600970249,0.5425863993712501,0.2842955683201718,0.26311848248268954,6.20521837372416,7.769665600970249,0.2842955683201718,0.26311848248268954,0.021177085837482262,0.021177085837482262,1.9901002683657216,3.006703633093391,7.215380806313984,1.0056038620906496
Firm 42,2016,94.02706504643687,72.32886358282475,0.0,0.0,0.0,0.0,0.0,0.0,0.0,0.0,0.0,0.0,0.0,43.396402927224216,2.087799203027197,602.2460235820284,529.9171599992038
Firm 42,2017,104.36221855941396,79.76575004492543,236.08828519894863,13.971582934335,84.153089799255,0.7735010499845724,0.4845141809328086,45.192149857821796,13.971582934335,0.773501049952069,0.48451418090030535,0.2889868690517638,0.2889868690517638,49.1929371064492,2.044231752024635,652.2828825466358,572.5171325018066
Firm 42,2018,97.58245585745203,66.75757219562813,203.5683479381413,13.022989598145,95.92760226375,0.8351387305053289,0.510508505811165,54.5234274236289,13.022989598145,0.8351387305053289,0.510508505811165,0.32463022469416397,0.32463022469416397,61.6497673236478,1.5252108357735712,592.9754883265133,526.217916130885
Firm 42,2019,101.96245894771026,67.7904280854825,226.76793596613325,-8.45396802753,110.38452769155,0.8426495472553394,0.4811504973520035,64.24702111390371,-8.45396802753,0.8426495472553394,0.4811504973520034,0.36149904990333603,0.36149904990333603,68.34406172435918,1.4375703106280617,651.8121672409214,584.021739155439
Firm 42,2020,100.45303119063315,69.80969563027055,231.47485722755604,-34.85543598435,153.365111044185,0.8505097933286817,0.48009955383944947,60.59326265420176,-34.85543598435,0.8505097933286816,0.48009955383944947,0.37041023948923224,0.37041023948923224,61.28667112091791,1.5793798526896614,662.0608858566771,592.2511902264066
Firm 44,2016,4.867283453697331,4.867283453697331,20.205477691391998,-0.49827547893,0.37873156350000003,1.7112189464591365,0.4995299745652904,20.205477691391998,-0.49659887722500007,1.6324481399675561,0.7154896687776668,1.211688971893846,0.9169584711898892,2.344127514693325,2.000759954417869,108.58455037209733,103.7172669184
Firm 44,2017,5.87001943329792,5.87001943329792,14.998120399872,-0.542012382615,0.42693207600000005,1.823952234018444,0.5835124731970085,14.998120399872,-0.513971487195,2.103911196755082,0.8547795124110457,1.2404397608214355,1.2491316843440363,3.3181096736505857,1.7046624017680305,124.4790249773568,118.60900554405887
Firm 44,2018,6.226041610321306,6.226041610321306,7.615896205312,-0.3831425501331,0.16796387395499998,0.6170200415773791,0.127931638834657,7.5987395921920005,-0.382745202429,0.41147644884868245,0.1776750068425853,0.4890884027427221,0.2338014420060972,3.4593579876443137,1.7342275938100127,120.71270489198531,114.48666328166401
Firm 44,2019,6.1948671785983995,6.1948671785983995,13.27943054336,-0.31870881395160006,0.15243444022500002,0.8314790275462353,0.2974358053060482,13.229842583552,-0.32890719764535,0.8154220464336774,0.4200156046002474,0.5340432222401871,0.39540644183343004,3.2613452172409856,1.830310653366654,133.04896673210368,126.85409955350528
Firm 44,2020,0.0,0.0,0.0,-0.021586933779599998,0.20527939036499998,0.9376450684804908,0.08539353111844147,0.0,-0.057337430517750004,0.7810327575977066,0.12135948384874469,0.8522515373620494,0.6596732737489619,0.0,0.0,0.0,0.0
Firm 46,2016,76.7242782851072,76.7242782851072,157.97228897894402,5.2882535655,-3.7431642495,0.0,0.0,7.27659129856,5.2882535655,0.0,0.0,0.0,0.0,6.53026778752,11.321172327475601,126.95903046892543,50.23475218381824
Firm 46,2017,64.08765647822848,64.08765647822848,143.5017880270541,3.6122292255,-3.4849306545000003,0.0,0.0,6.964044483522559,3.6122292255,0.0,0.0,0.0,0.0,4.7898827505254395,12.892557834143862,124.98592703208446,60.898270553856
Firm 46,2018,69.03694004450304,69.03694004450304,128.451664569344,1.331201139,-3.100779432,0.0,0.0,6.4973919877120005,1.331201139,0.0,0.0,0.0,0.0,5.64714804288512,11.779909138322495,120.5821904904704,51.54525044596736
Firm 46,2019,24.5752387236864,24.5752387236864,123.42373444292608,1.8838918305,0.575119902,0.0,0.0,5.913775272038399,1.8838918305,0.0,0.0,0.0,0.0,4.02580994511872,5.882122393541435,87.56649811622913,62.991259392542716
Firm 46,2020,15.632988693493761,15.632988693493761,120.06000505882623,1.91514179621535,0.0343787720535,0.0,0.0,5.69229867910144,1.91514179621535,0.0,0.0,0.0,0.0,3.9366037955379203,3.8265719792034854,96.22209383559168,80.5891051420979
Firm 47,2016,67.27210406264125,67.27210406264125,0.0,223.08470227499998,53.604884578500005,2.577075087374289,0.48679586483349246,0.0,167.806279812,2.3937578599187335,0.55858628083129,2.0902792225407962,1.8351715790874434,16.48989829732065,3.9310323176237363,1978.594883688158,1911.322779625517
Firm 47,2017,69.46277479715307,69.46277479715307,241.4867846532403,168.2265665115,-9.268347588000001,-0.10543952515870411,0.41386775499521755,241.4867846532403,126.4316707035,-0.03825053126553953,0.4591318652722526,-0.5193072801539217,-0.4973823965377922,9.65752792411689,6.930678214555669,2082.792604858073,2013.3298300609201
Firm 47,2018,31.336485526302717,69.87984552630272,343.22152587319295,128.800153497,-11.73819012,-12.17246251905463,4.72399705489893,343.22152587319295,98.9919050055,6.882706809460531,-4.0119633964907475,-16.896459573953564,10.89467020595128,6.719341552097382,4.493793898592887,1840.458822678569,1770.5789771522661
Firm 47,2019,21.229455374390987,21.229455374390987,403.79893820858365,0.0,0.0,0.0,0.0,403.79893820858365,0.0,0.0,0.0,0.0,0.0,3.145465679797146,6.503445152450819,1976.5584509313226,1955.3289955569319
Firm 47,2020,20.413458956238024,20.41345895315456,652.623040014203,0.0,0.0,0.0,0.0,652.623040014203,0.0,0.0,0.0,0.0,0.0,3.6122028883241986,5.445453382053288,2513.893578515804,2493.4801195530135
Firm 49,2016,5.241517975282278,5.241517975282278,4.39013432006656,419.6119954935,-12.488702151,-0.04956119097293024,2.4593715883556544,4.39013432006656,296.19953106599996,0.10210662576072792,5.376536073556906,-2.508932779328585,-5.274429447796178,2.6619779116768254,1.8973271094923971,32.37334922227712,27.13183124699484
Firm 49,2017,6.759949560504524,6.759949560504524,4.29222823071744,333.1030407585,-10.529214312,-1.5193235402478475,0.6109592039633904,4.29222823071744,258.5249967945,-7.049593013420527,2.2866687266060826,-2.1302827442112378,-9.33626174002661,3.770083254954803,1.7277547461978477,33.28517031847936,26.525220757974832
Firm 49,2018,6.447916016985498,6.447916016985498,4.2933618872934405,1219.2949778715001,1184.133486285,1.2519392429745608,0.007223344008908151,4.2933618872934405,945.8602521314999,0.9418380205748249,0.00707541010383119,1.2447158989656528,0.9347626104709937,3.212055613970432,1.934309194488358,32.45136484688896,26.003448829903462
Firm 49,2019,8.573139162440603,8.573139162440603,4.26341019876352,1531.6663625055,673.5974580825,1.3127334094829148,-0.015200942341336142,4.26341019876352,613.7851378215,1.3265700542334702,0.10047562261560941,1.3279343518242508,1.2260944316178606,3.616324272090317,2.2843470621416797,34.81698125829119,26.2438420958506
Firm 49,2020,8.423827146331032,8.423827146331032,4.2847762478592,1266.3860163225,-3.319956651,0.2505237950793553,0.3153549148566864,4.2847762478592,498.228348909,0.002905533961255985,0.7169257982689123,-0.0648311197773311,-0.7140202643076564,3.88095185168425,2.0915139808930148,35.8986376382976,27.47481049196657
Firm 5,2016,148.43351762013674,148.43351762013674,70.15610417260542,20.800452477,30.485185291500002,0.508711157912259,0.1772122888618677,68.20099347962879,37.250482395,0.7559958433686157,0.2768443574282545,0.33149886905039133,0.4791514859403612,52.82439616559984,2.7076156667101525,341.85932557559465,193.4258079555543
Firm 5,2017,145.37119492395755,150.09126827810542,52.39847567151103,128.2289625165,247.87296937500003,1.2594535452513351,0.13430951201766483,51.66313155454976,195.9663689235,1.5693439696390288,0.18670350779952605,1.1251440332336702,1.3826404618395027,38.05376837395722,3.681037738839845,311.5089770779678,161.41770879995872
Firm 5,2018,152.2052338649434,152.2052338649434,44.455608001034236,349.41075682950003,449.874740034,1.30416803092767,0.1090739044257325,44.01083320778751,395.83792680600004,1.522142813616984,0.16939726492159485,1.1950941265019372,1.352745548695389,34.69681458878116,4.22697385355771,271.11610130402585,118.9108674390824
Firm 5,2019,142.4791471352195,142.4791471352195,42.32828961299456,314.0696488845,348.53633659049996,0.9832772509808925,0.12104431824160145,42.008555540531205,431.549756085,1.3090359539900256,0.12208314555233774,0.862232932739291,1.1869528084376877,57.23178757833882,2.3988526712575604,249.7489467481648,107.2697996129453
Firm 5,2020,130.55978901577555,130.5597897712254,83.66835263476736,409.1617874295,373.786831698,0.9971837334799837,0.10918658191315045,81.27365274329087,389.345394912,1.0621016145039734,0.08111413216456069,0.8879971515668331,0.9809874823394128,66.23081190197739,1.8994984377538788,235.48190172945183,104.92211271367628
Firm 51,2016,9.068289024,9.072143359999998,0.0,334.9678786993434,7.608694792245,-46.441215142086314,-20.601361164231125,0.0,165.89451815440773,6.745203119255089,-6.644235485224682,-25.839853977855196,13.389438604479771,6.942596472453632,1.2586153099308446,6795.950781439999,6786.87863808
Firm 51,2017,11.265101085109041,11.265101085109041,1504.30397952,272.721888195,-12.75795438789,-59.40445725809867,103.76279422192866,1504.30397952,140.553525477,-5.404424873113912,-6.679245188108355,-163.16725148002732,1.2748203149944417,9.378806444892671,1.1573830025999572,9055.380257270574,9044.115156185464
Firm 51,2018,9.896263954029772,9.896263954029772,2794.101888915968,0.0,0.0,0.0,0.0,2794.101888915968,0.0,0.0,0.0,0.0,0.0,6.544600215046247,1.4570609804333847,11191.804299572515,11181.908035618488
Firm 51,2019,5.127076972392039,5.127076972392039,4377.3616351689725,0.0,0.0,0.0,0.0,4377.3616351689725,0.0,0.0,0.0,0.0,0.0,2.2950389042530306,2.1526298871057086,15289.895146925659,15284.768069953268
Firm 51,2020,6.910292346219418,6.910292346219418,3661.795209217024,0.0,0.0,0.0,0.0,3661.795209217024,0.0,0.0,0.0,0.0,0.0,2.9501141025377278,2.2570812208285886,17526.151707667363,17519.241415321143
Firm 52,2016,7.8569018383342595,5.854487779328,0.0,2768.3642146845,1107.3482031946648,0.8155362703717746,0.2894242117428781,0.0,2883.8195946405,0.946024942372013,0.38303262393750065,0.5261120586288965,0.5629923184345123,4.004828118012519,1.8904144392460576,28.262942046208,22.40845426688
Firm 52,2017,8.574513991083418,6.727949617022054,17.61627572929536,3411.4018597365,1972.0027677195,1.1930008141758202,0.3435274129312589,9.839780761333762,3140.7945490845,1.1218738397699926,0.38874504062932524,0.8494734012445614,0.7331287991406672,3.6931287482190847,2.2371991481662765,34.83783450099047,28.109884883968412
Firm 52,2018,9.767420918448538,8.46540058072535,20.3820485815296,4006.2516091335,1706.339860434,1.070528855158873,0.3333768501019285,10.94862941436928,3241.2018615479997,1.0985494418834032,0.3952346904960251,0.7371520050569442,0.7033147513873781,2.6040406754463743,3.614279380128728,32.20858221445888,23.74318163373353
Firm 52,2019,9.126791629459559,7.530336265681306,16.12249199607808,3773.6420104455,1398.4481665965,0.927222524712688,0.30918347852633943,8.33208399291392,2905.766827464,1.0435500865794232,0.3772285959853519,0.6180390461863485,0.6663214905940712,3.192910727460147,2.7543615015120806,32.60103979190149,25.070703526220186
Firm 52,2020,10.345400648739533,7.5498334188448775,16.221790416128,4700.75332992,1952.489045079,1.3533965932234067,0.2999629117403108,9.64113018215424,3701.772642198,1.2661054379630055,0.37418277198579797,1.0534336814830958,0.8919226659772075,5.591134459789312,1.7829409416654731,33.15339895613276,25.603565537287885
Firm 53,2016,449.433778738176,449.433778738176,135.13013422592002,2.0103336951978,1.34472677544,0.7855146648357612,0.06585590428760107,55.082909343744,2.1877023528228,0.9826346092244569,0.0824097969110103,0.7196587605481601,0.9002248123134466,279.13438951833604,1.551464866077345,15088.84239235072,14639.408613612544
Firm 53,2017,437.478831982592,437.478831982592,1018.7083848898559,2.82452984072085,2.148641235615,0.7139708784737909,0.056253505710036456,537.386733366272,3.0284118847408497,0.8323957665626023,0.06558415954924474,0.6577173727637544,0.7668116070133576,299.68265065472,1.406646670790432,14893.809297333248,14456.330465350657
Firm 53,2018,379.412141421568,466.13470142156797,553.651564911616,5.0353413665202,3.66124844109675,0.9081239599728124,0.0593527526574462,274.944601984,5.31653536646625,1.0454446956805994,0.06832769883268733,0.8487712073153661,0.9771169968479121,262.379328831488,1.3933851820863612,11868.081314384897,11401.94661296333
Firm 53,2019,400.175305879552,400.175305879552,405.93119685324797,6.5649672293052,3.795366346305,0.837237416884384,0.27782827015370537,21.14582197248,7.07494225474785,0.9691876127860793,0.28709637971917573,0.5594091467306788,0.6820912330669037,12.097722924032,31.87397532263256,9882.531775642623,9482.356469763072
Firm 53,2020,228.658603648,228.658603648,208.54866820096,9.435623948680051,5.9150290400609995,0.982563324523022,0.37819099673176637,-8.05496,9.2497558233717,1.0372444979635922,0.4106094429546944,0.6043723277912557,0.6266350550088978,19.19943887413248,11.475948509849879,8123.295924195329,7894.637320547327
Firm 55,2016,206.19158870536702,206.19158870536702,-13.873441536,42.0984659278413,3.69861242379645,0.0,0.0,0.961628888064,37.906754930527356,0.0,0.0,0.0,0.0,22.307601948627454,8.906511612885264,223.90781865071105,17.716229945344
Firm 55,2017,606.3115632549478,606.3115632549478,-1.799014218752,35.1129781643181,2.60303473503135,0.0,0.0,-64.679045828608,31.839815824587003,0.0,0.0,0.0,0.0,108.51586008892241,5.383840858734488,637.8702294939238,31.558666238976002
Firm 55,2018,667.3176011475273,667.3176011475273,5.610898562048,29.7990429477837,-4.13902322618205,0.0,0.0,-2.66902639768576,26.9753582222421,0.0,0.0,0.0,0.0,290.3589947609371,2.2145570655166287,766.6857559257007,99.36815477817343
Firm 55,2019,654.4101810019769,654.4101810019769,58.386151794677765,26.6854167967896,0.7992966802342499,-258.00979831800043,-210.61031394480003,52.56416688887808,24.200954607143554,-251.6977446527965,-210.61031394480003,-47.39948437320038,-41.08743070799646,289.36564857526906,2.1791777391523524,772.7311903192196,118.32100931724288
Firm 55,2020,551.4049526367517,551.4049526367517,-95.4244342884659,0.0,0.0,0.0,0.0,-24.594822547087357,0.0,0.0,0.0,0.0,0.0,305.17578504035663,1.7410457052195962,702.5065298429531,151.10157720620154
Firm 56,2016,9.03356145664,9.03356145664,-0.03585014272,1038.5462109744149,204.644746469355,0.9285279907949431,0.3023933711629286,-0.03585014272,905.6771242361101,0.9357561603791023,0.36472306995649617,0.6261346196320144,0.5710330904226061,1.08743029096448,8.004738653099858,18.12030311424,9.0867416576
Firm 56,2017,8.75428590592,8.75428590592,0.0,1037.449981470285,205.751154066585,0.9025016504436711,0.31591588160932843,0.0,857.0108406289052,0.8737236128501684,0.35011222235516204,0.5865857688343427,0.5236113904950064,0.82290152613888,10.250910421748776,12.50803337216,3.75374746624
Firm 56,2018,9.2541161984,9.2541161984,0.0,1114.6887994294052,255.6305190675149,1.0737624817275466,0.34724081413826896,0.0,847.0631119141201,0.8710171594684598,0.38870237238752564,0.7265216675892777,0.4823147870809341,0.3090630156288,28.852104108208685,13.67110816768,4.41699196928
Firm 56,2019,9.238351964160001,9.238351964160001,0.0,1147.0755336603452,314.92210398195004,1.173448336571244,0.29772515510880365,0.0,862.2723161192849,0.9861518981804821,0.31864435400112706,0.8757231814624407,0.667507544179355,0.564016549888,15.783097394572652,12.154092588031999,2.9157406238720003
Firm 56,2020,5.938648070897357,5.938648070897357,0.0,1156.792182133035,221.94926841906,0.9132714414878677,0.29170618207013393,0.0,873.572667284115,0.8471418867550803,0.31905438991157953,0.6215652594177337,0.5280874968435008,0.6135151259097088,9.327213007605167,8.25893474694144,2.3202864158764034
Firm 58,2016,4.114942446625383,4.114942446625383,0.0,0.0,0.0,0.0,0.0,0.0,0.0,0.0,0.0,0.0,0.0,0.41234358146047995,9.615992295660595,4.270817386721485,0.1558749400961024
Firm 58,2017,3.9255760617261055,3.9255760617261055,0.0,45.08056388527305,9.818760290624999,0.6207181857744446,0.3318586297933593,0.0,1.6074479315733001,0.6714144640010506,0.5496647634572552,0.2888595559810853,0.12174970054379543,0.5144543235543041,7.3526882964625475,4.047191275114906,0.1216152132924416
Firm 58,2018,3.9895354983019513,3.9895354983019513,0.0,51.425211547501945,10.226911995307947,0.6660153263281003,0.3429910504402527,0.0,1.0008041613340501,0.6447728538718871,0.5184681828287707,0.32302427588784755,0.12630467104311638,0.6306910920361983,6.095301839739871,4.006741913490125,0.0172064151881728
Firm 58,2019,187.08217854082804,187.08217854082804,5.12626688e-06,55.490439407985605,20.1218995928013,1.2384694033371797,0.5224520148066727,1.28156672e-06,1.6090672332094498,1.0587514524543036,0.8753214488494718,0.716017388530507,0.18343000360483155,102.26718075966033,1.762729671317909,990.4490046628151,803.366826121987
Firm 58,2020,188.34065129835346,157.50596296466432,0.0,58.82459144989964,18.843720754757403,1.0976662379153967,0.4781037899977884,0.0,-0.051172530923850004,1.101501123911982,0.8962817722437502,0.6195624479176082,0.20521935166823185,109.0789000876678,1.6637685014683286,992.286882714477,834.7809197473075
Firm 59,2016,96.5360907973335,96.5360907973335,40.31039704321771,74.27191239576,42.309356418,0.8071246930943237,0.2735811890405294,3.9905642252055555,73.05733927071,0.8126502058105464,0.28026787069762504,0.5335435040537942,0.5323823351129213,28.153326323461428,3.304072543546641,246.2579738847652,149.7218830874317
Firm 59,2017,96.85955624226446,96.85955624226446,45.37240110395391,83.46831554386499,48.7208461425,0.8319679643191977,0.3095076644731579,3.6138957463244803,81.575844618435,0.8405772216771638,0.3178445079463184,0.5224602998460398,0.5227327137308454,29.132696576944845,3.203696520012771,223.26553153635984,126.40597529409537
Firm 59,2018,68.45394350112768,68.45394350112768,49.848483137218565,97.15724832558001,58.789100757,0.8431271899246693,0.3027100848889767,2.96962293067776,94.593726552375,0.8480542253028953,0.31258813842022215,0.5404171050356926,0.5354660868826732,28.795029890185933,2.2907121453300454,205.98082178489344,137.52687828376574
Firm 59,2019,68.93561249066875,68.93561249066875,77.54967321974785,107.438983715085,59.835763589459994,0.8730114742129337,0.3685860998182498,3.4504326146048,94.84161494969999,0.8763769454808983,0.39129914859730175,0.5044253743946839,0.48507779688359653,37.45488280884132,1.7734737968671126,232.19318980234107,163.2575773116723
Firm 59,2020,72.23767579634574,72.23767579634574,107.54788080910232,100.79980951600498,57.204143942895,0.8284150131534367,0.3780469847024201,3.138133054258176,62.995339629855,0.8440987197902087,0.4578294975133579,0.4503680284510164,0.3862692222768509,43.452094336973204,1.6019266655995834,330.127893457475,257.8902176641164
Firm 6,2016,3480.9951177513312,3309.8522744230236,1918.4255814404505,716.5751657851766,411.24207991577777,1.2621995698190625,0.23666223431618352,1826.7980044220724,590.1090953515575,1.0845687566231283,0.25150837286134636,1.0255373355028787,0.8330603837617822,2717.7681062131014,1.234185945399527,39780.70117396163,36470.84889953861
Firm 6,2017,3551.0734288944564,3475.764879386286,3434.0879469645006,706.08719430516,236.074127535,0.840078043395839,0.24286316049500134,3040.6338523310183,558.4484842743899,0.9351822045494926,0.259866484622976,0.5972148829008378,0.6753157199265167,2791.422212021536,1.2258115322618337,53521.74320912687,50045.97832974059
Firm 6,2018,3932.780217001986,4062.422644030362,2580.341492365568,620.435893233675,247.98362843814,0.9229440189959197,0.23295304549687995,1634.2189082361651,459.0173121588,0.926506284921913,0.2694541500926896,0.6899909734990397,0.6570521348292233,2804.596442837098,1.351197639253283,56344.22466940565,52281.8020253753
Firm 6,2019,4357.050800395746,4539.722873076583,4480.124182250763,586.1815377302305,187.61599473404536,0.76921300441622,0.19842677650219587,3082.590165507625,422.0843681829873,0.90450240913337,0.25213154967802287,0.5707862279140241,0.652370859455347,3066.367918337649,1.3691717857277148,61297.253181885826,56757.53030880925
Firm 6,2020,4762.378657059424,4927.07678268074,4452.508623652434,562.187358391204,178.32319840752,0.7521160293040087,0.15537210702685036,3041.876078286715,360.01434578374983,0.8355252455491797,0.23292053777661778,0.5967439222771583,0.6026047077725618,3281.203179127093,1.3985576708799723,64743.03024410442,59815.95346142368
Firm 60,2016,171.07544802735103,171.07544802735103,136.22713535350783,205.98786833100002,93.34437802350001,0.8118760362952129,0.37252835583979327,53.43026542321664,196.3607830455,0.8977318206103271,0.41063517090933027,0.4393476804554196,0.48709664970099686,127.19474247372801,1.2960092634806488,597.3610155909428,426.28556755395584
Firm 60,2017,134.33071807479809,134.33071807479809,11.532280886517759,223.4070035085,166.73815266900002,1.050732893965479,0.35071351844963194,-6.6824163521024,198.016322286,1.0811002680631852,0.35876442350069904,0.700019375515847,0.722335844562486,71.19497294234624,1.8180908749021651,486.1725470832435,351.8418290180813
Firm 60,2018,0.0,0.0,0.0,243.2089230945,151.689347853,0.9242284529570524,0.3501830850547745,0.0,227.173396761,0.9467091985032418,0.3812189685615682,0.5740453679022778,0.5654902299416734,0.0,0.0,0.0,0.0
Firm 60,2019,0.0,0.0,0.0,274.09952841,189.796821636,0.953353553170802,0.3362514009217515,0.0,267.451829199,1.0493490806022727,0.38231064934070585,0.6171021522490505,0.6670384312615668,0.0,0.0,0.0,0.0
Firm 60,2020,0.0,0.0,0.0,301.41333862050004,191.93324629199998,0.8436441299264901,0.313090957222561,0.0,303.2979204495,0.9836406308402528,0.3623770402168475,0.5305531727039292,0.6212635906234053,0.0,0.0,0.0,0.0
Firm 61,2016,139.60693995865876,139.60693995865876,2.849704634194125,180.935305899795,62.998540920014996,0.9954653357962203,0.2773148701005086,2.1225393312132095,170.01430971069001,1.0791923189604733,0.3014222519333395,0.7181504656957115,0.7777700670271338,128.09237219327528,1.050203156751176,451.5835955964763,311.97665563791395
Firm 61,2017,150.3859938853459,150.3859938853459,-4.948002463712974,143.91519249,30.955893939000003,1.0264224326948233,0.26807202590933277,-5.22128133923502,134.9702308245,1.2362187930391286,0.29944340072841186,0.7583504067854906,0.9367753923107166,97.31585632189564,1.4890639923333144,401.9914712576349,251.60547737228904
Firm 61,2018,173.07713489813096,173.07713489813096,-7.917129148919808,132.13842681600002,11.7258960315,1.8073799806231081,0.15445244584274326,-7.842477489615976,118.9316539215,2.1129460522604417,0.1897045445681168,1.652927534780365,1.9232415076923253,75.68268122565232,2.203600021204761,374.6186287544307,201.5414938563961
Firm 61,2019,187.10794354148064,187.10794354148064,0.156291397632,0.0,0.0,0.0,0.0,-0.41782062182400004,0.0,0.0,0.0,0.0,0.0,67.06006962912758,2.688548068419589,369.6479390349834,182.53999549350277
Firm 61,2020,100.20343197063218,100.20343197313751,0.7567673137186816,0.0,0.0,0.0,0.0,0.8501526882187265,0.0,0.0,0.0,0.0,0.0,61.84535727790592,1.5612234780715455,253.03718224205525,152.83375026824325
Firm 63,2016,74.67664178109962,74.67664178109962,0.0,0.0,0.0,0.0,0.0,0.0,0.0,0.0,0.0,0.0,0.0,58.019468743879166,1.2402253717910905,134.17683570972397,59.50019392872069
Firm 63,2017,82.61804942611252,82.61804942611252,82.11803033091071,160.18223288544615,84.649907583,0.8100896825743951,0.2259914309793703,73.6128992745472,138.72821793468992,0.8387643733780596,0.25728083643116983,0.5840982515950247,0.5814835369468898,76.17808328055962,1.0450437594368729,155.98536186833164,73.36731244212275
Firm 63,2018,106.86338874879478,106.86338874879478,86.92680968636415,160.34409632147373,116.485917864255,0.9949063668876583,0.2539567093570597,75.51988118223872,98.064853180176,0.9410753382939926,0.31699333209105557,0.7409496575305986,0.6240820062029371,83.44934172320256,1.2339444441116303,229.3521054374411,122.48871668864635
Firm 63,2019,140.08759081002444,140.08759081002444,95.67861147273216,194.93189215502176,127.35842148881999,1.0281943106057647,0.2435045136833643,75.229271638528,145.47127813670804,1.1436135272835488,0.3247605838448879,0.7846897969224006,0.8188529434386611,115.30517303619942,1.1706860806731403,291.20098692043445,151.11339611041004
Firm 63,2020,168.7438091887836,168.7438091887836,135.57509306101267,233.48285350921662,135.7119971239446,0.9580271022914753,0.22505110190987868,95.24089648789545,172.8617483878188,0.9777770717583771,0.29273569409722006,0.7329760003815966,0.6850413776611571,102.70383371362509,1.5831817445758491,322.72238484738835,153.97857565860477
Firm 64,2016,19.970013654428776,19.970013654428776,0.19606414627840002,191.1347469896496,-5.5308542247234005,0.0,0.0,0.19606414627840002,18.2031502660704,0.0,0.0,0.0,0.0,113.38013287856518,0.1697192016682404,69.30510270766233,49.33508905323357
Firm 64,2017,25.168155283689778,25.168155283689778,4.3633084305817595,168.81997372750618,-0.060834378314849995,0.0,0.0,4.3633084305817595,14.410922742534451,0.0,0.0,0.0,0.0,95.40122606940395,0.25420670928522426,75.1747163244752,50.006561040785414
Firm 64,2018,33.29051617960059,33.29051617960059,0.0952998547968,165.18360754389357,-11.204475794979452,0.0,0.0,0.0952998547968,12.6957954487962,0.0,0.0,0.0,0.0,93.26925718601146,0.34393121281569883,76.82559563526144,43.53507945566085
Firm 64,2019,37.00217431811215,37.00217431811215,0.1025752512512,164.90682134021313,-0.01657849561815,0.0,0.0,0.1025752512512,9.675618023286,0.0,0.0,0.0,0.0,92.71161654493287,0.3845764367711532,82.2117256641741,45.20955134606193
Firm 64,2020,0.0,0.0,0.0,166.46646354595077,-20.837636063330553,0.0,0.0,0.0,7.69739052079815,0.0,0.0,0.0,0.0,0.0,0.0,0.0,0.0
Firm 69,2016,27.242383062400823,27.242383062400823,3.9764115319193603,105.091167096,-10.156762776,18.27635481490864,-3.165664197726337,3.5167159295078396,82.556279871,18.15528091487194,-3.4019634275822797,21.442019012634976,21.557244342454226,14.76062896319017,1.7784014831795507,40.25667338203802,13.014290319637198
Firm 69,2017,30.091458400119812,30.091458400119812,4.096949559572479,96.989034339,-98.000282511,8.530438152825752,-0.5018101535634467,3.78190400741376,80.8291738725,-0.5291743080916972,4.436444287998123,9.032248306389201,-4.965618596089819,16.430346793675465,1.7647617676689782,41.34861508647157,11.257156686255412
Firm 69,2018,27.6394328336427,27.6394328336427,4.00253275242496,0.0,0.0,0.0,0.0,3.70483686744064,0.0,0.0,0.0,0.0,0.0,14.306323903675391,1.8616183603064231,40.0174621248302,12.378029291187508
Firm 69,2019,27.95122533662413,27.95122533662413,3.87080033583104,0.0,0.0,0.0,0.0,3.5816176384,0.0,0.0,0.0,0.0,0.0,15.724658951973991,1.7128100264066175,43.54119341136548,15.589968074644993
Firm 69,2020,27.341975145755956,27.341975569732913,3.7619612007936,0.0,0.0,0.0,0.0,3.48498368228352,0.0,0.0,0.0,0.0,0.0,16.317518199446425,1.6146015256009894,42.635548691453955,15.293573545697997
Firm 70,2016,84.29133916574199,84.29133916574199,15.734970193920002,28.156153190727146,-1.5547433796589498,26.071841373921046,195.8269686184679,15.734970193920002,18.523402740785553,24.30097582806625,195.82705261638122,-169.75512724454686,-171.52607678831495,50.051335074456375,1.6227696151932167,81.57762268750848,-2.7137164782334975
Firm 70,2017,93.53351694921166,93.53351694921166,16.647020758016,0.0,-0.043485054421800014,696.1016062877089,728.2045067309698,16.647020758016,0.0,1738.2958469365742,728.2045067309698,-32.102900443260886,1010.0913402056045,52.05144692883763,1.7315061485074035,88.76801576030208,-4.765501188909568
Firm 70,2018,99.13313412783546,99.13313412783546,17.557400467456,0.0,0.0,0.0,0.0,17.557400467456,0.0,0.0,0.0,0.0,0.0,54.07134997818347,1.7666121144372673,86.5886920692736,-12.544442058561843
Firm 70,2019,103.79478948257146,103.79478948257146,19.16072506575872,0.0,0.0,0.0,0.0,19.16072506575872,0.0,0.0,0.0,0.0,0.0,60.23032187622206,1.6605423201010392,88.7195235321383,-15.075265950336819
Firm 70,2020,108.81845240297308,108.81845240297308,20.58545699161088,0.0,0.0,0.0,0.0,20.58545699161088,0.0,0.0,0.0,0.0,0.0,61.622921464366385,1.7015700838023315,88.8055323540992,-20.012920048873884
Firm 71,2016,387.0734822429389,387.0734822429389,1950.27326040064,0.0,0.0,0.0,0.0,134.893355620352,0.0,0.0,0.0,0.0,0.0,162.56193559208958,2.2943736056974546,4326.867024615618,3939.79354237268
Firm 71,2017,0.0,0.0,0.0,0.0,0.0,0.0,0.0,0.0,0.0,0.0,0.0,0.0,0.0,0.0,0.0,0.0,0.0
Firm 71,2018,0.0,0.0,0.0,0.0,0.0,0.0,0.0,0.0,0.0,0.0,0.0,0.0,0.0,0.0,0.0,0.0,0.0
Firm 71,2019,0.0,0.0,0.0,-5.8789208042775,4.444387853611949,1.9712841648864663,1.5297456359758377,0.0,23.48096834356905,5.1890924261260745,4.410574820530665,0.4415385289106285,0.7785176055954097,0.0,0.0,0.0,0.0
Firm 71,2020,0.0,0.0,0.0,162.17509071112065,217.81373810943688,1.3170121949832416,0.7030246748991651,0.0,192.10581792151424,1.4368834251554234,0.654209864538444,0.6139875200840766,0.7826735606169792,0.0,0.0,0.0,0.0
Firm 72,2016,524.7739325885864,524.7739325885864,353.51720146753644,13.656050500935,-0.46870230412499997,6.222797319532442,-109.92228149989222,284.2704086694434,12.098169805334999,67.33274390723649,141.87352247126327,116.14507881942465,-74.5407785640268,253.12426708285162,1.9976897943725342,1459.9127048768182,935.1387722882317
Firm 72,2017,458.19611333945096,458.19611333945096,406.76845432250616,12.507051,1.7361554660699998,1141.0148093641517,241.3125416178684,331.5226814823868,11.039976,-20.535166450935275,-9.195208602084293,899.7022677462832,-11.339957848850984,262.35375324948006,1.6828821322645078,1363.730839464314,905.5347261249593
Firm 72,2018,469.2327074697619,469.2327074697619,519.5051183447008,13.408119000000001,1.828878060795,141.02346238318276,27.322336561607862,395.56526940932554,12.3016605,143.99927535942203,25.388086298260642,113.70112582157493,118.61118906116138,195.97679129143316,2.3071360961419516,1406.9278233315708,937.6951158619052
Firm 72,2019,466.00933634530554,466.00933634530554,400.38476009133063,13.4298885,1.857591917715,303.23367780282217,57.653321446010004,320.52115463752745,12.313965,48.626131134336774,9.261743016584468,245.58035635681213,39.3643881177523,193.30034822103943,2.323012578536473,1338.1885526365866,872.1792162912814
Firm 72,2020,448.5625353966377,448.5625353966377,499.74933800349106,12.417993921125401,0.9139775624295,431.4687072106513,130.13801852141253,408.4970630339493,11.70425073946455,49.51143350993151,19.079383411012262,301.3306886892388,30.43205009891924,179.38800967101787,2.409456924686895,1400.058788181691,951.4962527854386
Firm 73,2016,2781.4970045473333,2433.9100575623197,6626.90926561408,0.0,0.0,0.0,0.0,5952.075573871534,0.0,0.0,0.0,0.0,0.0,1544.723089089388,1.73507214889221,36769.5217689219,34335.61171135958
Firm 73,2017,2740.3942842159963,2100.569693177594,1394.7872139999458,0.0,0.0,0.0,0.0,642.0307988644847,0.0,0.0,0.0,0.0,0.0,1679.9512215213606,1.5718314032776883,35482.36576597306,33381.79607279547
Firm 73,2018,3752.761507123909,2788.6271391500295,12934.99868170638,36.930393132,46.451727865500004,1.3645400695207015,0.3700840494738132,11615.851280139772,34.929899127,1.4337511363521993,0.4714999854215036,0.9944560200468883,0.9622511509306959,2084.6620958251756,1.7346221007818137,46223.79342497223,43435.166285822095
Firm 73,2019,5890.4749263338335,4138.321874988938,16000.883330242561,71.9858653605,65.489485944,0.9150934405292973,0.2775271359461497,14800.729494784,62.1808238775,0.9444923763168054,0.3475733713736255,0.6375663045831477,0.59691900494318,2927.300993825011,1.9389763483118472,70743.35931347727,66605.03743848823
Firm 73,2020,7085.424052886638,5280.29903335502,7016.188730795412,116.270789706,104.7007197555,1.0622820023935824,0.2520965998539912,5655.803588330065,97.6967598375,1.1120660509130917,0.3093961689508559,0.810185402539591,0.8026698819622358,3490.6826328317707,1.9558928635795447,89412.166322536,84131.86728918424
Firm 74,2016,459.5766030381706,464.0000859501706,258.5005190159545,1660.0760279625001,547.703184362595,0.7641612565896987,0.3349066276091795,170.15820093202245,1296.0111038129999,0.8104801201371674,0.3875639192509463,0.4292546289805191,0.4229162008862213,268.0243366097715,1.6522404907830588,1035.6686842302797,571.6685982800127
Firm 74,2017,541.0316563240052,545.4551392360052,275.7226276491506,1819.9972850805,877.192247823675,0.9504584704170447,0.3453052277660166,181.67663868605717,1378.4925278385,0.9513859443905469,0.40116023885514457,0.605153242651028,0.5502257055354023,281.70470956110296,1.850623826415765,1061.1241851515128,515.6690459155077
Firm 74,2018,531.7609501539342,536.1844330659343,289.1187469238044,2039.200702254,836.512745740695,0.869822067385552,0.3272491372347997,190.04544190276843,1579.7358169365,0.9107946521907382,0.37432754372692684,0.5425729301507521,0.5364671084638114,247.5430693352285,2.069928052395721,1008.40982103139,472.22538796545587
Firm 74,2019,549.3489702567132,553.7724531687131,313.2688833098358,2035.9510497299998,1097.479103235285,0.9304122693374163,0.31167131816794963,205.79627815622226,1612.2433707945,0.936299081455247,0.3658211554004368,0.6187409511694666,0.5704779260548103,254.62843863625164,2.078887499726755,1045.096942517081,491.3244893484642
Firm 74,2020,499.6778683404148,504.1013511560565,344.7580821726243,2585.09813988,1468.9063124587951,1.0634643274666788,0.30548346526241643,222.2573762569507,2040.1322787885001,1.0429667349181022,0.34829774145223164,0.7579808622042625,0.6946689934658705,253.15581933682452,1.9019179584661956,1052.420566279472,548.3192150316825
Firm 75,2016,121.88250171125503,121.88250171125503,36.63884451814564,12.579159382118851,1.9998506159459999,1.0603953230779946,0.7506460507220012,24.864396716365416,8.408657483356501,1.204475622723123,0.9220264983516663,0.3097492723559933,0.2824491243714567,41.328299388646194,2.8417338788733826,249.04107294244514,127.15857123128649
Firm 75,2017,109.13390881973709,109.13390881973709,31.240388246485505,11.924251211386801,3.1410645162506996,1.1163857318500456,0.6483444089786541,21.746394116304693,8.1689584582614,1.2667040326260282,0.8346070844647449,0.4680413228713916,0.4320969481612832,37.739330515298505,2.786474666092146,199.75261463256052,90.61870581291981
Firm 75,2018,117.64227271400713,117.64227271400713,27.946159729091377,9.4062026879769,1.10717887916235,0.7225392783102782,0.5520575428499781,14.029518859956223,7.41193303138395,1.0392320926839798,0.7096139297504227,0.17048173546030015,0.3296181629335571,36.34786704722903,3.1187032670599493,220.43034652351756,102.7880738095104
Firm 75,2019,120.51423850853611,120.51423850853611,16.940763709905614,9.58995086284035,2.3681755981225496,1.012767197415568,0.6515215923262626,14.211503763680565,7.398780107146051,1.239502385559669,0.8351466875887166,0.3612456050893056,0.4043556979709523,28.66122150374738,4.051662347462272,181.53968403356754,61.025445525127786
Firm 75,2020,119.24533683541576,119.24533683541576,16.40306783373896,12.557000876676451,2.82902574705,0.9178147128705705,0.5943335210776385,13.773200846909951,9.99331297984905,1.0905869692700092,0.7696661352801258,0.32348119179293217,0.3209208339898832,31.198530867108765,3.6829586347719445,179.14724563182313,59.90190882464041
Firm 76,2016,1343.1990838578442,1032.9489793110588,2521.94441714177,81.070859741745,0.173184891,0.0,0.0,2202.237266528624,40.565133023790004,0.0,0.0,0.0,0.0,916.8438395928349,1.4116745841853087,13686.558563465223,12653.609584154165
Firm 76,2017,1229.568061021551,897.4966473668746,1784.3431565783958,128.78863689199503,3.2338155250950003,0.0,0.0,2248.30479805782,61.300839212325,0.0,0.0,0.0,0.0,944.129508505591,1.25490422641988,14169.346722610926,13271.850075243956
Firm 76,2018,1351.8395019718462,915.2967637664162,2045.2135478536195,110.735467771845,2.36507003631,0.0,0.0,2580.572326650348,52.68211791456,0.0,0.0,0.0,0.0,1017.0783078069339,1.2807380755930018,14721.621233385156,13806.32446961874
Firm 76,2019,1493.3481630782123,1052.4926022482846,1775.6048484465664,110.02523962323001,0.0,0.0,0.0,2200.538136119439,53.311917225675,0.0,0.0,0.0,0.0,1221.7886061332174,1.177753982274949,16509.694230836074,15457.201628587789
Firm 76,2020,1960.5711902201595,1417.2540898987565,1955.0025715382374,118.526703882075,0.0,0.0,0.0,2638.5161243000525,81.70551518469,0.0,0.0,0.0,0.0,1311.3889061549526,1.44059098021215,18362.195761116946,16944.941671218185
Firm 79,2016,681.3992079376076,681.3992079376076,669.9065649134899,131.09632841353502,72.31403841497999,0.6261019996646684,0.3674387911126048,523.2276712909005,129.20620372909502,0.6441340672437488,0.37802304393946073,0.2586632085520636,0.2661110233042881,556.7530176513096,1.179311747875548,2368.3987203016713,1686.999512363968
Firm 79,2017,0.0,0.0,0.0,42.639900047985,70.04921707761,0.7059873102633338,0.4029290924279139,0.0,40.75965268734,0.7274076558208961,0.4152452279747198,0.30305821783542,0.31216242784617626,0.0,0.0,0.0,0.0
Firm 79,2018,0.0,0.0,0.0,43.810516075589995,51.537058674195,0.6232058746620818,0.3494371662325555,0.0,41.65892305668,0.6418628904757656,0.36083170138450554,0.2737687084295263,0.2810311890912602,0.0,0.0,0.0,0.0
Firm 79,2019,0.0,0.0,0.0,34.85283721716,31.939773050745,0.56929677754627,0.35585002838058327,0.0,32.801477791050004,0.583025291722628,0.36715178073534727,0.2134467491656867,0.2158735109872806,0.0,0.0,0.0,0.0
Firm 79,2020,0.0,0.0,0.0,39.10609272978,37.383142348994994,0.6468837562788162,0.3381738128212529,0.0,34.58188837902,0.6455171009923192,0.3488439959024495,0.3087099434575634,0.29667310508986966,0.0,0.0,0.0,0.0
Firm 80,2016,417.3979818773669,253.38461461715426,2291.735341689856,8.3283396315,29.358086466000003,0.9331581605839407,0.08048768701050482,2189.0287491215363,8.3283396315,0.9408873965346635,0.08115435676736878,0.852670473573436,0.8597330397672946,261.55842721199264,1.5376985603424655,1438.675958335668,1185.2913437185139
Firm 80,2017,507.4587100859068,297.6052410568881,2297.041644604416,8.4391350285,35.0718409995,0.9270004475196534,0.0826203029396032,2197.6692531015683,8.4391350285,0.9342268516324702,0.08326436702669443,0.8443801445800502,0.8509624846057757,270.9043175295452,1.8049881897732756,1407.1657428909366,1109.5605018340484
Firm 80,2018,467.9215359622642,267.14322703626243,2296.128640814848,0.3400386435,54.601888872,0.9483813738304172,0.046531817514313435,2206.8624428183243,0.3400386435,1.0035048931020847,0.08186592489685243,0.9018495563161038,0.9216389682052323,267.9850043338723,1.6824885647218006,1298.7465285333196,1031.6033014970571
Firm 80,2019,435.11387925017283,246.24382623516675,2243.987765739202,1.9275775379999998,66.3463628055,0.9182214419513366,0.05066530118571547,2158.3568703940605,1.9275775379999998,0.9576219109358568,0.09212088323206477,0.8675561407656212,0.8655010277037921,254.61819291242887,1.6466567743161942,1230.6194312507087,984.3756050155417
Firm 80,2020,493.81375228483586,493.81375228483586,2079.515658516214,7.152003875999999,60.832844132999995,0.8830244033354512,0.06083973641259419,1976.0824022484887,7.152003875999999,0.9289935746883249,0.11023711010235317,0.822184666922857,0.8187564645859717,231.42200820039557,2.056118319868671,1329.3736787321857,835.5599264473497
Firm 81,2016,3.6618569547161606,3.6618569547161606,0.654211866624,2198.329910183105,1248.2049279829052,1.1807158296234812,0.2894491120348928,0.45674845183999996,1760.819871285319,1.0808461986848423,0.30692228891136547,0.8912667175885883,0.7739239097734768,1.13213462397952,3.1166847980060064,3.4727632305561604,-0.18909372416
Firm 81,2017,3.7247299049472,3.7247299049472,0.278484448256,2166.684421215569,857.20708732368,0.9304526248279135,0.3164317177258306,0.188740088832,1752.9772838734098,0.9711128664075795,0.33611967310235774,0.6140209071020829,0.6349931933052217,0.85426482668544,4.20137880972387,3.4614108523827203,-0.26331905256447996
Firm 81,2018,3.84341668538368,3.84341668538368,0.13896467339264,1969.1761301070444,648.6565664756099,0.8376908565883194,0.33153305499470864,0.10005896726528,1616.218120786,0.9369659125772929,0.3627125955266364,0.5061578015936105,0.5742533170506564,0.7978286983227392,4.641917282687943,3.7296625396224,-0.11375414576128
Firm 81,2019,4.00276013897728,4.00276013897728,0.14168575752192,2003.6697764999567,702.2731355705812,0.9125547958274206,0.33773610275362614,0.10033536169984,992.670567403267,0.9260689433737469,0.6766683063800197,0.5748186930737943,0.24940063699372716,0.7429547112383488,5.191427643452836,3.90108680235008,-0.1016733366272
Firm 81,2020,3.8599235730841603,3.8599235730841603,0.12105136739328001,2048.7707579231815,646.6827941911199,0.8747782555238132,0.3447730369243946,0.085176730368,991.1617702623585,0.9317552518159053,0.47988261827814244,0.5300052185994186,0.4518726335377629,1.0123052327663615,3.674149333479885,4.03608178910208,0.17615821601792
Firm 83,2016,26.922536960000002,26.922536960000002,0.0,0.441662048505,-0.141532038,0.0,0.0,0.0,0.441662048505,0.0,0.0,0.0,0.0,26.582840838143998,0.9758974224018979,26.940845056,0.018308096
Firm 83,2017,26.9321728,26.9321728,0.0,0.3629748616797,0.0123045,25.682869178304596,24.698797314546304,0.0,0.3629748616797,25.682869178304593,24.6987973145463,0.9840718637582916,0.9840718637582916,23.704122075136,1.0948058195555974,26.952408064,0.020235264000000003
Firm 83,2018,26.937954303999998,26.937954303999998,0.0,0.322739699625,0.01152948687,24.146618401363636,23.098483231363637,0.0,0.322739699625,24.146618401363636,23.098483231363637,1.0481351700000001,1.0481351700000001,23.705808347136003,1.0949629466316642,26.9562624,0.018308096
Firm 83,2019,26.95694654464,26.95694654464,0.0,0.0,0.0,0.0,0.0,0.0,0.0,0.0,0.0,0.0,0.0,23.70191643136,1.0959148579607048,26.97894516736,0.02199862272
Firm 83,2020,30.359760572416,30.359760572416,0.0,0.0,0.0,0.0,0.0,0.0,0.0,0.0,0.0,0.0,0.0,23.844919042048,1.2268517028648425,30.380744541184,0.020983968768000003
Firm 84,2016,0.0,0.0,0.0,13.96496388,9.611437387830001,0.5400198415468137,0.2705134510195068,0.0,13.116182433,0.5905962373180011,0.3184352454078835,0.2695063905273069,0.2721609919101178,0.0,0.0,0.0,0.0
Firm 84,2017,0.0,0.0,0.0,40.992371709000004,39.771817451685,1.2127131000709948,0.2584747172059213,0.0,31.947435034500003,1.1734336725117158,0.3055022331486242,0.9542383828650736,0.8679314393630917,0.0,0.0,0.0,0.0
Firm 84,2018,0.0,0.0,0.0,54.66531573,43.49000349993,1.0695728761216654,0.18564545736707835,0.0,41.341348152,1.0298289035111974,0.22465676021420797,0.883927418754587,0.8051721432969894,0.0,0.0,0.0,0.0
Firm 84,2019,1.6436161369131008,1.6436161369131008,0.0,56.6778425895,57.966691440735,1.2104989587385673,0.10462487761770856,0.0,43.3710369495,1.089535643401036,0.2283889651735165,1.1058740811208587,0.8611466782275193,1.443282279685427,1.097333649808591,3.773660077317427,2.130043940307968
Firm 84,2020,0.0,0.0,0.0,65.0588691435,21.917047603935,0.5114041213331497,0.12136427926117914,0.0,52.000859547,0.9522842454868159,0.23630531081468764,0.3900398420719706,0.7159789346721283,0.0,0.0,0.0,0.0
Firm 85,2016,19.04469713348813,19.04469713348813,0.0,187.96214377407256,66.26346257008454,0.7517263383398445,0.26861991581856137,0.0,33.77370267470235,0.9753225461510369,0.6962631314450013,0.48310642252128283,0.2790594147060356,14.084240540351896,1.3029574005142999,27.18804771328,8.143350579791873
Firm 85,2017,18.701012971317965,18.701012971317965,0.0,173.15586004276935,75.34291253643615,0.8504902103247299,0.25776401892472506,0.0,27.38996199764775,0.9110331760439603,0.6027724218899536,0.5927261914000049,0.30826075415400667,13.88420055061289,1.2978778876943688,26.92854008832,8.227527117002035
Firm 85,2018,17.403111397376,17.403111397376,0.0,188.32619103956085,72.1430568847374,0.7888726490786447,0.2890057578753995,0.0,29.8965883630284,1.0317933327863895,0.8583063551454589,0.49986689120324523,0.1734869776409306,13.89887383248896,1.2065265067397306,26.688412064768,9.285300667391999
Firm 85,2019,17.03808817349632,17.03808817349632,0.0,183.15726194744116,78.1799822675424,0.8409144046429834,0.309089012051162,0.0,25.068378964887003,0.9168405949761391,0.6908193608473974,0.5318253925918214,0.22602123412874173,13.65230864384,1.2025533250728262,26.342968164352,9.304879730688
Firm 85,2020,16.23392888371968,16.23392888371968,0.0,193.5175439265915,80.0002208103618,0.8248499525812584,0.29775741923400706,0.0,26.706088687685998,0.9475599828317403,0.8057973714349738,0.5270925333472513,0.14176261139676652,13.326725605222707,1.173788265240472,25.868266215424,9.634337331704321
Firm 86,2016,49.686112044881924,49.686112044881924,125.23980303853568,221.761570995,136.16994513,1.0226459731877156,0.379233051450445,34.9590297762816,213.1545779775,1.06183188725129,0.45423097544427743,0.6434129217372704,0.6076009118070124,32.80725163708416,1.4593341471657235,320.32906172502015,270.64294968013826
Firm 86,2017,35.18797375978495,35.18797375978495,107.4077952283136,336.86877335400004,247.933371219,1.3555258588559629,0.3723698595069234,4.291015627704321,254.192490534,1.2012837865812462,0.49513277969153746,0.9831559993490392,0.7061510068897087,23.33792273916928,1.4528528903920581,306.34297829863425,271.1550045388493
Firm 86,2018,31.73250467469312,31.73250467469312,113.6500452529152,350.94918846449997,198.767076621,1.131754009086395,0.3838406524901569,11.24445444320256,276.077276127,1.189663421013278,0.4823090868581906,0.7479133565962379,0.7073543341550875,18.62480362856448,1.6417318750982308,289.5776813818675,257.8451767071744
Firm 86,2019,34.23647552174081,34.23647552174081,110.57427598050305,317.2734605205,165.983470359,0.9788518315331883,0.36621563084777503,10.73002741412864,266.2978781685,1.0663009497058735,0.46460174154449335,0.6126362006854134,0.6016992081613802,18.944654525952,1.7413735354186037,286.8605048747827,252.6240293530419
Firm 86,2020,30.67176111241216,30.67176111241216,105.33559235151873,172.518759444,91.7635110075,0.798652928916096,0.3758981081786812,10.310429432709121,156.744842871,0.9114766135088236,0.44319569971717854,0.42275482073741477,0.46828091379164505,16.26668550023168,1.816892461547967,307.1902001067827,276.5184389943705
Firm 87,2016,111.62749295404912,99.37203684804813,393.05703493963773,0.0,0.0,0.0,0.0,287.5091997026714,0.0,0.0,0.0,0.0,0.0,79.75503481711124,1.348660512998199,240.25872000546357,140.88668315751178
Firm 87,2017,116.53534785816208,96.8844444240675,415.448833339095,21.4793031,32.667277626,1.3584836406832375,0.42462384441656953,364.78601615161347,18.3910600605,1.1330117859002302,0.5773870743948619,0.9338597962666679,0.5556247115053684,80.38775346303949,1.3968744217014155,197.36449314071143,100.48004871664395
Firm 87,2018,119.325188140352,106.20013659509053,465.52840450166786,42.5599205235,47.0814456735,0.8860370183229247,0.3426962264755837,392.06975965866843,36.065742666,0.9615938425535446,0.47659417814089344,0.5433407918473411,0.48499966441265124,83.80758229973422,1.3719503526281487,188.9088788058126,82.70874221072211
Firm 87,2019,126.7698827082274,115.43028468013772,486.2373713874329,48.638989982999995,36.877677814500004,0.716463302849538,0.3309704844277332,407.9654399327015,41.530347164999995,0.86461401016286,0.42845424350291744,0.38549281842180466,0.4361597666599425,91.4648273130746,1.33552354766282,201.75580736880784,86.32552268857376
Firm 87,2020,164.52600613186507,150.9203500294749,439.86608441041915,70.7524357785,70.1771322555,0.9588575565664048,0.3350492530692547,342.6051720606175,45.5259316065,0.868358124101512,0.46032901896033485,0.6238083034971502,0.4080291051411771,98.60237322035199,1.6078175597080333,235.24140025687583,84.32105022451015
Firm 88,2016,9.653022711599924,9.653022711599924,3.888040241152,0.0,0.0,0.0,0.0,3.888040241152,0.0,0.0,0.0,0.0,0.0,10.97976441054976,0.8471491635646643,24.250890136963992,14.59786742536407
Firm 88,2017,10.55074688723968,10.55074688723968,2.9845279948799996,-0.0005635038861,0.0,3.353246303538029,3.353246303538029,2.9845279948799996,-0.0005635038861,3.353246303538029,3.353246303538029,0.0,0.0,7.527080757630362,1.3506605304171782,23.68684584269824,13.13609895545856
Firm 88,2018,11.306120361670452,11.306120361670452,3.24156864244736,-0.0005962083006000001,0.0,13.940982415738684,13.940982415738684,3.24156864244736,-0.0005962083006000001,13.940982415738684,13.940982415738684,0.0,0.0,7.205483978624001,1.5119590460404182,23.9421493519189,12.636028990248448
Firm 88,2019,11.256042931254273,11.256042931254273,3.2188789372825597,-0.05158819075275,0.0,6.719458265579191,6.719458265579191,3.2188789372825597,-0.05158819075275,6.719458265579191,6.719458265579191,0.0,0.0,6.683973593363354,1.622708815402721,24.591435567153663,13.335392635899392
Firm 88,2020,9.773890703947366,9.773890703947366,3.2070331173785602,-0.07350648396015,0.0,4.061416713383935,4.061416713383935,3.2070331173785602,-0.07350648396015,4.061416713383935,4.061416713383935,0.0,0.0,7.103222431298048,1.325872136366617,24.029405975074713,14.255515271127347
Firm 89,2016,612.2230065958911,614.4679701878784,0.0,0.0,0.0,0.0,0.0,0.0,0.0,0.0,0.0,0.0,0.0,175.58736569176065,3.359742264277146,5999.744214196479,5385.276244008602
Firm 89,2017,628.7047497339661,659.055590043132,373.85486612603904,43.24049283,59.579339286,2.204012622381696,0.3617445727473895,363.42233587696643,25.850454955500002,1.6369225044265512,0.3918933195380569,1.8422680496343067,1.2450291848884945,160.0384108312883,3.7854027318872565,6368.236265931567,5709.180675888435
Firm 89,2018,626.82293282514,646.9882034420335,332.05661606969346,77.6961509715,71.47333466399999,1.1181085853079527,0.33671875582195454,320.96871940691966,64.5232031475,1.207950162349415,0.37070003004163765,0.781389829485998,0.8372501323077772,137.0351008843981,4.407604657531557,6076.565815659275,5429.577612217241
Firm 89,2019,580.8468077748457,625.1817866350001,366.8852197409382,90.057720189,66.147411345,0.9396922555072197,0.3319783494803526,357.18666956895237,87.9374361975,1.0545903782212063,0.38363069214709333,0.6077139060268671,0.6709596860741129,149.9895350394116,3.7315582735545525,6663.218879492918,6038.037092857918
Firm 89,2020,523.6225991466854,632.881799262889,295.7719460699341,138.844778739,111.714230805,1.103782274972913,0.29329669362265304,290.24821054140415,140.34774123300002,1.2182942827406176,0.3285902951019589,0.8104855813502599,0.8897039876386585,166.6869794310484,3.0269572362421577,6450.659051071689,5817.7772517991625
Firm 9,2016,26.922319247831037,26.922319247831037,17.90137288838144,462.2194717489017,119.61235704272386,0.878217160179394,0.3741741804419333,17.242251917803518,419.62113030934125,0.9532363808231312,0.4138235593041294,0.5040429797374607,0.5394128215190017,11.353646028359679,2.2848973805685913,49.72888263825408,22.80656339042304
Firm 9,2017,27.014303246274558,27.014303246274558,16.392988275159038,542.608577286,160.950193482,0.9722013651794243,0.3650234684337362,15.745888756940799,473.39950914,1.008634522428838,0.410382113007951,0.6071778967456881,0.5982524094208871,13.13676659390464,1.98150360617172,55.48840080229376,28.4740975560192
Firm 9,2018,29.477209891584,29.477209891584,19.851501832806395,614.8572524971606,184.20706303212,0.9798148121788702,0.3577089482161533,19.10872327021568,536.1267679796694,1.0375675115392833,0.4160218921766012,0.622105863962717,0.6215456193626822,13.416725123328,2.1170417933647405,60.17954624700416,30.702336355420158
Firm 9,2019,28.19867612931072,28.19867612931072,16.00693942677504,369.54108957365145,104.97328597880296,0.8909917999910674,0.31799203119345093,15.48089103505408,329.7041378072133,1.096746806361267,0.4045485430065479,0.5729997687976165,0.6921982633547193,12.96593231438848,2.095629722610291,57.12805316299776,28.92937703368704
Firm 9,2020,27.02410833912965,27.024107418714216,9.824898254632961,0.0,0.0,0.0,0.0,9.51396710016,0.0,0.0,0.0,0.0,0.0,11.002872708745318,2.36665451824729,46.467430068119654,19.44332265605417
Firm 91,2016,674.1786488788641,626.496911247496,1645.3791453647277,0.0,0.0,0.0,0.0,499.69724983092925,0.0,0.0,0.0,0.0,0.0,536.1597204507741,1.2116310390775336,4271.64459195266,3645.1476807052604
Firm 91,2017,761.5043867640787,718.5432053174093,1941.3874899267703,576.8796266194951,117.8358306994662,0.850462834569506,0.19970436549772924,532.6960822918018,333.1110471062142,1.045281362289026,0.27996401039780766,0.6507584690717766,0.7653173518912184,570.9057817865603,1.285279404106662,4851.791912035447,4133.248706718134
Firm 91,2018,756.4214032365354,711.0762610274228,2212.183574412338,554.4209812159411,139.51533438715606,1.1148189882746486,0.17610200124113212,544.7009920806277,38.04057616808835,1.0404446569470016,0.939299092477905,0.9387169870335167,0.10114556446909652,616.874523345547,1.181562106768978,6073.378806495201,5362.302545554308
Firm 91,2019,0.0,0.0,0.0,661.3548692966098,122.60963259276569,0.9776338922740951,0.19422685347968954,0.0,55.32357355022385,0.956205067485082,1.1658531574378506,0.7834070387944054,-0.20964808995276846,0.0,0.0,0.0,0.0
Firm 91,2020,0.0,0.0,0.0,673.7188045329743,202.39101539931605,1.562435765064615,0.266615129731951,0.0,49.851253548004955,1.3684350200302544,1.511407958004196,1.2958206353326642,-0.14297293797394148,0.0,0.0,0.0,0.0
Firm 92,2016,89.100423217152,89.100423217152,0.0,0.0,0.0,0.0,0.0,0.0,0.0,0.0,0.0,0.0,0.0,41.92322553285632,2.0479278756351613,198.699010838528,109.59858762137601
Firm 92,2017,108.309353663488,108.309353663488,279.7328099484467,39.1726967312106,4.765190623994999,0.7176155919137017,0.411767116227263,279.7328099484467,37.120270684407004,0.8328718651575597,0.49217485156357554,0.3058484756864386,0.34069701359398413,44.67024869781505,2.336346075583484,192.1543469904179,83.84499341365249
Firm 92,2018,110.3903777952768,110.3903777952768,299.60695669903356,51.08546984320006,16.432708788164998,1.8242466588955775,0.583586012874615,299.60695669903356,41.117239094988896,1.373663636149903,0.9466561871099786,1.2406606460209628,0.4270074490399245,51.72827665512448,2.0563298968311248,204.0796407877837,93.68926300214271
Firm 92,2019,132.8136250037248,132.8136250037248,415.90860300257276,49.05037147355055,7.4299036492349995,1.1766010779922589,0.6405436242777367,415.90860300257276,38.0548883822793,1.1455900849936733,0.7602085556684798,0.5360574537145218,0.3853815293251936,51.683740457881605,2.4761575478439095,194.95519434843135,62.14156934470656
Firm 92,2020,120.25720976094209,91.34968976094208,484.063322625024,49.072466368892556,6.828655463295,0.9756413187026468,0.5403274222736685,484.063322625024,39.39689637537045,1.1271774607073475,0.6957099792541157,0.43531389642897844,0.4314674814532317,59.522701473822714,1.9467853498089154,127.16605453524991,35.81636478394368
Firm 94,2016,12.978784784330342,12.978784784330342,0.0,-5.086536432,5.606613573000001,1.100446271344939,0.3836064483336001,0.0,-1.0014888105000002,1.3167965308984653,0.47216186363739904,0.7168398230113388,0.8446346672610661,2.05190768991488,6.094888877843704,13.563248952474828,0.5844641680481281
Firm 94,2017,11.881864049519207,11.881864049519207,0.0,-7.1763677325,12.841244059500001,1.1590784276221642,0.32944154857008107,0.0,1.2064704225,1.3163899471147316,0.3934884917158904,0.829636879052083,0.9229014553988412,0.8962274491884544,12.774853190068313,12.374015415355496,0.4921513657399296
Firm 94,2018,12.762316150682521,12.762316150682521,0.0,-15.881367039,18.5116801275,1.214582711555878,0.2894971875155073,0.0,3.6901488915000002,1.3622432733324483,0.3755579802973797,0.9250855240403708,0.9866852930350686,0.9437664831003647,13.030303434108587,13.244740343691161,0.48242419300864003
Firm 94,2019,12.621991145286554,12.621991145286554,0.0,-20.867797845,18.480359496000002,1.105551217307407,0.29816805617896924,0.0,10.072166499,1.2159325110906867,0.3745739973846633,0.8073831611284376,0.8413585137060234,0.895407941617152,13.583025289874001,12.858008540597043,0.2360173953104896
Firm 94,2020,12.264264062572135,12.264264060548609,0.0,-23.0894425215,9.076532737500001,0.7307589972942541,0.3110079983630857,0.0,7.5696479475,0.8842148084335494,0.3821564322776528,0.4197509989311684,0.5020583761558967,0.8678734566447104,13.61678771483319,12.45207206484521,0.1878080025621504
Firm 96,2016,67.281133115392,67.281133115392,-0.008915079168,1631.3777725371558,456.748158113281,0.9206336312527742,0.42096783423364065,-0.010365273088,1151.2695209139658,1.0080223880063952,0.4363213462156517,0.49966579701913355,0.5717010417907435,24.153539579904,2.684121023230979,139.483289718784,72.202156603392
Firm 96,2017,70.808733198336,70.808733198336,0.0036384931839999997,1722.5362752316719,627.1864258441113,1.1870158784305322,0.4140455948158207,0.0043871979519999995,1129.869588089557,1.154749513612048,0.3682305749503267,0.7729702836147115,0.7865189386617213,23.687515340861438,2.8804271528000656,133.433072975872,62.62433977753601
Firm 96,2018,0.0,0.0,0.0,1789.2382774743494,553.2220962232349,0.9154320113162937,0.3563002553341094,0.0,1219.0198550407672,1.0031588681183847,0.4088045749970455,0.5591317559821842,0.5943542931213391,0.0,0.0,0.0,0.0
Firm 96,2019,0.0,0.0,0.0,0.0,0.0,0.0,0.0,0.0,0.0,0.0,0.0,0.0,0.0,0.0,0.0,0.0,0.0
Firm 96,2020,0.0,0.0,0.0,0.0,0.0,0.0,0.0,0.0,0.0,0.0,0.0,0.0,0.0,0.0,0.0,0.0,0.0
Firm 97,2016,43.80982723867505,43.80982723867505,8.41867197877248,25.7088528765,30.152066509500003,0.9121826384577759,0.30325345016028993,6.998084784230399,17.9355966885,0.9918468744720061,0.4284274208090238,0.6089291882974861,0.5634194536629824,14.176774224634983,2.9777189014264898,74.92515476008428,31.115327521409228
Firm 97,2017,44.27163556578294,44.27163556578294,8.197204472432642,66.8280385485,87.8153547345,1.1756332536585674,0.24902455777998894,6.69822632767488,56.3332654785,1.0565819455144299,0.32666227676555143,0.9266086958785785,0.7299196687488784,20.351489040701033,2.0961335851005587,82.58220911204567,38.31057354626274
Firm 97,2018,48.68395607058053,48.68395607058053,8.04852933909504,140.462150367,139.5513211125,1.2016452114774523,0.15028600476796494,5.30622153025536,89.085121398,1.005938064375483,0.1888936369027901,1.0513592067094872,0.8170444274726929,16.162656455785164,2.902436320084202,73.76934958124912,25.08539351066859
Firm 97,2019,46.3637613594752,46.3637613594752,8.03673316303872,130.79372764049998,85.4009714235,1.0505475469628363,0.23173436191271088,6.581324143349759,107.0409750795,0.9991346182492137,0.3450190114930909,0.8188131850501256,0.6541156067561228,16.36736126975652,2.729540693181824,75.6467213572133,29.282959997738086
Firm 97,2020,33.9919250376876,33.9919250376876,10.2829931802112,136.08496173449998,45.415561188000005,0.9857298506480819,0.3898645837832499,8.88433287919616,125.7704495895,2.387685328738982,0.8710079786073239,0.595865266864832,1.5166773501316582,22.202816451137636,1.4752216308952508,76.28114050217022,42.289215464482616
Firm 99,2016,401.19996094186774,409.03415682014594,456.3936209174971,483.1003517373552,65.97159076469686,0.0,0.0,169.1719421132669,336.7145382300846,0.0,0.0,0.0,0.0,256.309135063739,1.5082952976610509,857.0353734036738,448.0012165835277
Firm 99,2017,365.34838902646663,375.0522941823053,432.9388212995494,437.858337597,23.366268216,-34649.42483222591,-8773.158812292359,157.46478865341155,38.988744789,-46116.69684219269,-8766.057441860465,-25876.266019933555,-37350.63940033222,259.24071346739976,1.3579806095385911,961.9734774019478,586.9211832196426
Firm 99,2018,396.68046185520484,398.90541117135393,453.16103846344083,386.7474502305,10.347298904999999,148.61710024500016,36.93913077828025,165.57671081885346,21.4391308005,0.0,0.0,111.67796946671992,0.0,244.98564146495497,1.56023407686513,1072.1055905756787,673.2001794043246
Firm 99,2019,421.2066278211422,423.7096561226012,473.87062358653105,366.6439322055,-1.549954326,-2.411492907957503,-3.832793909866687,175.477186934549,20.5432931595,0.0,0.0,1.4213010019091843,0.0,245.56465341562335,1.6527947390517452,1118.3500712065502,694.640415083949
Firm 99,2020,402.565309199305,408.50689657411664,451.5298060439773,345.9006729375,7.620072734999999,1916.1026738742755,783.6799164065983,170.35725406874963,17.5914341445,0.0,0.0,1132.4227574676772,0.0,281.4739910582643,1.3781219694263256,1215.246388346849,806.7394917728288
